section,metric,label,unit,rs_mean,go_mean,diff_rs_minus_go,diff_ci_lo,diff_ci_hi,ratio_rs_over_go,ratio_ci_lo,ratio_ci_hi,diff_excludes_zero
idle_pre,idle_pre.millicores,CPU,millicores,0.00610054856806681,0.014158183236826107,-0.008057634668759297,-0.009102812522296557,-0.007034125712154923,0.43088498474853704,0.39396397893124974,0.47094966926575654,True
idle_pre,idle_pre.cpu_ms_per_min,CPU time,ms/min,0.36603291408400856,0.8494909942095663,-0.48345808012555774,-0.5461687513377934,-0.42204754272929523,0.43088498474853704,0.39396397893124985,0.47094966926575677,True
idle_pre,idle_pre.user_pct,User-mode share of CPU,%,75.94084226854474,82.22073591550546,-6.279893646960716,-15.611782955907103,1.6672029535903903,0.9236215344336703,0.8114286536669719,1.020327140005891,False
idle_pre,idle_pre.wakeups_per_s,Thread wakeups,1/s,0.12402053371150115,0.3826091768152632,-0.25858864310376206,-0.2690178025568737,-0.24739716870220035,0.32414416910701155,0.3076395232707112,0.3388562538811639,True
idle_pre,idle_pre.vol_cs_per_s,Voluntary context switches (main thread only),1/s,0.028540000337092798,0.0002776568861245422,0.028262343450968255,0.02722057834237914,0.029304107108736863,102.7887358943126,99.03480801343225,106.54225567668927,True
idle_pre,idle_pre.nonvol_cs_per_s,Involuntary context switches (main thread only),1/s,0.024443011026491483,0.0,0.024443011026491483,0.021665330572035135,0.027289848172001977,nan,nan,nan,True
idle_pre,idle_pre.sched_wait_ms_per_min,Run-queue wait,ms/min,0.1495793230001025,0.19269287380628383,-0.043113550806181344,-0.08422374715144688,-0.0013999240746917219,0.7762576791006612,0.6070317510435839,0.9914213399941136,True
idle_pre,idle_pre.active_pct,Sample intervals with any CPU use,%,0.26007702262775956,0.339451297478006,-0.07937427485024645,-0.0926271919891905,-0.06484388494111826,0.76616888655319,0.7321138185491238,0.8044515903402937,True
idle_pre,idle_pre.bursts_per_min,Activity bursts,1/min,1.4582482397887049,1.778364410061672,-0.3201161702729671,-0.40701746964974245,-0.22907037671782016,0.8199940527026933,0.7767968320177758,0.8665679341153205,True
idle_pre,idle_pre.pgfault_per_s,Page faults,1/s,0.0015276922049602972,0.030611508277209334,-0.02908381607224904,-0.029975989073529226,-0.02791375053236754,0.049905812909509066,0.03865011653681053,0.06576391020074787,True
idle_pre,idle_pre.anon_mean_mib,Anonymous memory,MiB,0.5756031634819,3.7264062570502543,-3.150803093568354,-3.155796550988608,-3.145793505702672,0.15446602538112297,0.15391729425434264,0.15518085756853872,True
idle_pre,idle_pre.anon_slope_mib_per_h,Anonymous memory trend,MiB/h,0.019397034558320612,0.4065937520333524,-0.3871967174750318,-0.40514577043117217,-0.36280687594475397,0.047706179598966135,0.03398513013052685,0.06424175643687824,True
idle_pre,idle_pre.rss_mean_mib,Resident set size,MiB,6.25529633290896,23.095090124852412,-16.83979379194345,-16.91712422402608,-16.749248873976537,0.2708496177799148,0.2675776900168972,0.27471474950866803,True
idle_pre,idle_pre.mem_mean_mib,memory.current,MiB,0.8836816324219677,4.2186692724127495,-3.3349876399907816,-3.3437760641897585,-3.325174755119491,0.2094692841177784,0.20788399196312626,0.21153688267358844,True
idle_pre,idle_pre.threads_max,OS threads,count,2.0,6.0,-4.0,-4.0,-4.0,0.3333333333333333,0.3333333333333333,0.3333333333333333,True
idle_pre,idle_pre.threads_waking,Threads that woke,count,2.0,5.0,-3.0,-3.0,-3.0,0.4,0.4,0.4,True
idle_pre,idle_pre.top_thread_share_pct,Wakeups on the busiest thread,%,57.29492881023488,90.77579898131367,-33.48087017107879,-34.78047943880079,-32.247538244917294,0.6311696449185661,0.6175804920887541,0.6420745877135337,True
idle_pre,idle_pre.net_rx_pkts_per_min,Network packets received,1/min,3.3789692950504713,3.6567541410335185,-0.2777848459830472,-0.36119264970562215,-0.1880038454447844,0.924035131904018,0.901302933637847,0.9481663640444435,True
idle_pre,idle_pre.net_tx_pkts_per_min,Network packets sent,1/min,3.491462738560535,3.569285790042254,-0.07782305148171931,-0.15406511620955268,0.001307174254229678,0.9781964639259672,0.9568481649815315,1.000366651322293,False
idle_pre,idle_pre.net_rx_bytes_per_s,Network bytes received,B/s,6.845502900714477,7.242691657083937,-0.39718875636946027,-0.6293438350525449,-0.14770211364274655,0.9451600626983785,0.9132838248160049,0.9795186696232017,True
idle_pre,idle_pre.net_tx_bytes_per_s,Network bytes sent,B/s,7.673995900495234,8.177970047879723,-0.5039741473844899,-0.5843058806676176,-0.42229055364986046,0.9383741754452679,0.9285512324884206,0.9483485148198882,True
idle_pre,idle_pre.throttled_ms,CFS throttled time,ms,0.0,0.0,0.0,0.0,0.0,nan,nan,nan,False
idle_pre,idle_pre.load1_max,Node load1 max,load,0.6425,0.5625,0.07999999999999996,-0.0475000000000001,0.18999999999999995,1.1422222222222222,0.9156626506024097,1.3581395348837209,False
post_near,post_near.millicores,CPU,millicores,0.004884181389549977,0.03963450718716931,-0.03475032579761933,-0.040717570681856365,-0.02875359355296557,0.12323053157908596,0.10664050392352248,0.14590259762384192,True
post_near,post_near.cpu_ms_per_min,CPU time,ms/min,0.29305088337299856,2.378070431230159,-2.0850195478571605,-2.4430542409113816,-1.7252156131779341,0.12323053157908592,0.10664050392352245,0.14590259762384192,True
post_near,post_near.user_pct,User-mode share of CPU,%,66.87256990570324,86.2136959260466,-19.341126020343353,-42.19074271284467,-3.1823442271583327,0.7756606324251079,0.5087505990254697,0.9625052172512467,True
post_near,post_near.wakeups_per_s,Thread wakeups,1/s,0.12078191482797011,0.5864879350606194,-0.46570602023264923,-0.5219864811311656,-0.4061534227220357,0.20594100510436947,0.17691994409817982,0.2413167738857904,True
post_near,post_near.vol_cs_per_s,Voluntary context switches (main thread only),1/s,0.03082033527942904,0.0016661643782542872,0.029154170901174753,0.027070887993071318,0.032070359951613545,18.497775898750664,17.247622974911806,20.24778818636968,True
post_near,post_near.nonvol_cs_per_s,Involuntary context switches (main thread only),1/s,0.021657266406392664,0.0004165667023735588,0.021240699704019105,0.011661864378191592,0.03373457020890615,51.98991249898648,13.997595477198923,77.98282523255938,True
post_near,post_near.sched_wait_ms_per_min,Run-queue wait,ms/min,0.19645098450353624,0.5924958193114205,-0.3960448348078842,-0.5569964561105755,-0.22681960567435377,0.33156518257267237,0.2220431874291651,0.49757493331281255,True
post_near,post_near.active_pct,Sample intervals with any CPU use,%,0.2695316606399044,0.37732156777070036,-0.10778990713079595,-0.13832189287193836,-0.0810486362238717,0.7143287944878353,0.648722744647307,0.7849548771841957,True
post_near,post_near.bursts_per_min,Activity bursts,1/min,1.499364526699366,1.9744131914198184,-0.4750486647204524,-0.6001601088842463,-0.32510024422764316,0.7593975431359226,0.6998828671403775,0.8266080040190891,True
post_near,post_near.pgfault_per_s,Page faults,1/s,0.0016659610664823037,0.2649202191493186,-0.2632542580828363,-0.26658991532956205,-0.26074483949040955,0.006288538760204286,0.006210316252729612,0.0063487506944109266,True
post_near,post_near.anon_mean_mib,Anonymous memory,MiB,1.1811602840306978,5.159236205504056,-3.9780759214733585,-3.993780802023656,-3.961442306124151,0.22894092012507475,0.22805744592072663,0.2299583491530184,True
post_near,post_near.anon_slope_mib_per_h,Anonymous memory trend,MiB/h,0.015153676223581897,-5.073528761241618,5.0886824374651995,4.131589521526494,5.661766883472807,-0.0029868119284837597,-0.0036831132417347,-0.002676346145152289,True
post_near,post_near.rss_mean_mib,Resident set size,MiB,6.86085313535051,24.52376429076205,-17.66291115541154,-17.74289605353143,-17.57073552128545,0.279763459394158,0.27657796145098973,0.2834251830543406,True
post_near,post_near.mem_mean_mib,memory.current,MiB,1.492083652687239,5.686915839794254,-4.194832187107014,-4.220889002398512,-4.170756511288586,0.2623713265187376,0.26105884239335275,0.2635771649250159,True
post_near,post_near.threads_max,OS threads,count,2.0,6.5,-4.5,-5.0,-4.0,0.3076923076923077,0.2857142857142857,0.3333333333333333,True
post_near,post_near.threads_waking,Threads that woke,count,2.0,5.0,-3.0,-3.0,-3.0,0.4,0.4,0.4,True
post_near,post_near.top_thread_share_pct,Wakeups on the busiest thread,%,56.9075173434788,86.60557441336883,-29.698057069890027,-34.58737743720894,-24.75751251223052,0.6570883886972326,0.6154921851857593,0.7018659256498475,True
post_near,post_near.net_rx_pkts_per_min,Network packets received,1/min,3.2986046698620655,3.5239467893341354,-0.22534211947206995,-0.47539756736258365,0.024746962361931857,0.9360540516235635,0.8661045225073745,1.0072179937023433,False
post_near,post_near.net_tx_pkts_per_min,Network packets sent,1/min,3.398561314640595,3.4989527871917216,-0.10039147255112679,-0.3753436879580967,0.14987446764319556,0.9713081374179668,0.8964132603966973,1.0447235273029527,False
post_near,post_near.net_rx_bytes_per_s,Network bytes received,B/s,6.745896446640067,7.040396610915726,-0.29450016427565906,-0.7413103210036409,0.18748362967120258,0.9581699468721615,0.8970812052955833,1.0277447543983742,False
post_near,post_near.net_tx_bytes_per_s,Network bytes sent,B/s,7.5884537637322955,8.125892109611213,-0.5374383458789174,-0.7816397873025327,-0.2934917430693522,0.9338610039821669,0.9045727580728774,0.9636024581283629,True
post_near,post_near.throttled_ms,CFS throttled time,ms,0.0,0.0,0.0,0.0,0.0,nan,nan,nan,False
post_near,post_near.load1_max,Node load1 max,load,0.375,0.325,0.04999999999999999,-0.04749999999999999,0.14749999999999996,1.1538461538461537,0.8732394366197185,1.5172413793103445,False
post_mid,post_mid.millicores,CPU,millicores,0.006436964696685652,0.03697456341666585,-0.0305375987199802,-0.03237648869524437,-0.028644859423820494,0.17409170256177428,0.15301799884058342,0.19899131421546012,True
post_mid,post_mid.cpu_ms_per_min,CPU time,ms/min,0.3862178818011391,2.218473804999951,-1.832255923198812,-1.9425893217146626,-1.7186915654292294,0.17409170256177425,0.1530179988405834,0.19899131421546012,True
post_mid,post_mid.user_pct,User-mode share of CPU,%,76.43642073153782,90.20171114443718,-13.765290412899361,-30.08395905525692,-0.19273657812659914,0.8473943538514759,0.671731117938821,0.997802747591612,True
post_mid,post_mid.wakeups_per_s,Thread wakeups,1/s,0.13747058022410907,0.4901115352304669,-0.35264095500635784,-0.38054845116670866,-0.31993196589799044,0.2804883589598963,0.25245947678216424,0.31575915424545953,True
post_mid,post_mid.vol_cs_per_s,Voluntary context switches (main thread only),1/s,0.0295770164835908,0.0008331688944923706,0.02874384758909843,0.02707790511762795,0.030618466953529905,35.499424761424095,33.499814240894615,37.749322615651316,True
post_mid,post_mid.nonvol_cs_per_s,Involuntary context switches (main thread only),1/s,0.03186813712009537,0.00020829202693780832,0.031659845093157564,0.02561984069348047,0.039158078366904825,152.99739307645478,47.66632943578037,184.9968850458993,True
post_mid,post_mid.sched_wait_ms_per_min,Run-queue wait,ms/min,0.16328619822143453,0.7963481027906728,-0.6330619045692383,-0.8205283442978528,-0.36611523864497875,0.20504374613215567,0.15712855645701365,0.30592571966385174,True
post_mid,post_mid.active_pct,Sample intervals with any CPU use,%,0.2697375913401191,0.3442312358986746,-0.0744936445585555,-0.0900711123062296,-0.05854024227093102,0.783594175107099,0.7406102399460173,0.8280473532187199,True
post_mid,post_mid.bursts_per_min,Activity bursts,1/min,1.5121770806198505,1.8246392108251805,-0.3124621302053301,-0.41244366861960957,-0.20002720882790337,0.8287540197801508,0.7785252511745857,0.8840444924963616,True
post_mid,post_mid.pgfault_per_s,Page faults,1/s,0.0,0.0,0.0,0.0,0.0,nan,nan,nan,False
post_mid,post_mid.anon_mean_mib,Anonymous memory,MiB,1.181640625,4.9248046875,-3.7431640625,-3.76953125,-3.72265625,0.2399365457069205,0.23854660347551343,0.24125596184419715,True
post_mid,post_mid.anon_slope_mib_per_h,Anonymous memory trend,MiB/h,0.0,0.0,0.0,0.0,0.0,nan,nan,nan,False
post_mid,post_mid.rss_mean_mib,Resident set size,MiB,6.861328125,24.2890625,-17.427734375,-17.5087890625,-17.33203125,0.2824863300096494,0.27921556019932486,0.2862382813834694,True
post_mid,post_mid.mem_mean_mib,memory.current,MiB,1.490028981039734,5.4477405942750385,-3.9577116132353045,-3.989888484800302,-3.932462431315046,0.27351320336463647,0.2717153703008591,0.2753053345803327,True
post_mid,post_mid.threads_max,OS threads,count,2.0,6.5,-4.5,-5.0,-4.0,0.3076923076923077,0.2857142857142857,0.3333333333333333,True
post_mid,post_mid.threads_waking,Threads that woke,count,2.0,5.0,-3.0,-3.0,-3.0,0.4,0.4,0.4,True
post_mid,post_mid.top_thread_share_pct,Wakeups on the busiest thread,%,55.49245522167786,73.95351223458047,-18.461057012902614,-21.850921223102773,-15.249429308655941,0.7503694354049858,0.7132978430953785,0.7889593278000108,True
post_mid,post_mid.net_rx_pkts_per_min,Network packets received,1/min,3.3117948621593025,3.5368010432509935,-0.22500618109169102,-0.3624591430819857,-0.10000777161322257,0.936381442342918,0.8992971362679331,0.9714063194979504,True
post_mid,post_mid.net_tx_pkts_per_min,Network packets sent,1/min,3.4867574824538203,3.536801295551623,-0.05004381309780248,-0.1750282587367873,0.07494796528273515,0.9858505443433465,0.9508611246104904,1.0216430572046298,False
post_mid,post_mid.net_rx_bytes_per_s,Network bytes received,B/s,6.822920375814593,7.07964404967079,-0.25672367385619754,-0.4548512228557212,-0.020336873079330964,0.9637377709874926,0.9365035295156363,0.9971228374148926,True
post_mid,post_mid.net_tx_bytes_per_s,Network bytes sent,B/s,7.666283401528822,8.457507613421612,-0.7912242118927901,-1.4109086239421105,-0.3942636018037087,0.9064471179857811,0.8444625387495701,0.9512515033252309,True
post_mid,post_mid.throttled_ms,CFS throttled time,ms,0.0,0.0,0.0,0.0,0.0,nan,nan,nan,False
post_mid,post_mid.load1_max,Node load1 max,load,0.4475,0.3575,0.09000000000000002,-0.08499999999999996,0.2775,1.2517482517482519,0.7926829268292683,1.8194444444444446,False
post_late,post_late.millicores,CPU,millicores,0.005684923424629323,0.03915726930830714,-0.03347234588367781,-0.037101721544618965,-0.03003516296316526,0.14518181489798823,0.1285165268508698,0.16436067818137018,True
post_late,post_late.cpu_ms_per_min,CPU time,ms/min,0.34109540547775935,2.3494361584984285,-2.008340753020669,-2.2261032926771387,-1.802109777789915,0.14518181489798823,0.1285165268508698,0.16436067818137015,True
post_late,post_late.user_pct,User-mode share of CPU,%,61.97479801413313,94.50430535097007,-32.52950733683694,-44.8837248538631,-17.08984400054267,0.6557880911771282,0.5269192227939661,0.8194093724044332,True
post_late,post_late.wakeups_per_s,Thread wakeups,1/s,0.134151730181589,0.46063947246992887,-0.3264877422883399,-0.34940673142602324,-0.3062121525519008,0.2912293413811744,0.27059620491460545,0.31192533425846186,True
post_late,post_late.vol_cs_per_s,Voluntary context switches (main thread only),1/s,0.03082990933490842,0.0005554891373543421,0.030274420197554077,0.028747404763885417,0.03207970006827962,55.50047203756977,52.75162080825476,58.750021697185,True
post_late,post_late.nonvol_cs_per_s,Involuntary context switches (main thread only),1/s,0.027219194467752113,0.0002777451200826765,0.026941449347669438,0.023330595686400325,0.030690863977482368,98.000621791842,48.25037285308362,212.9983875405848,True
post_late,post_late.sched_wait_ms_per_min,Run-queue wait,ms/min,0.185555863564056,0.6215470680767712,-0.43599120451271517,-0.5036806671948583,-0.3665925351896285,0.2985387158823133,0.2401326690081414,0.36474087247045023,True
post_late,post_late.active_pct,Sample intervals with any CPU use,%,0.26536588666920946,0.3642533521321618,-0.09888746546295235,-0.1121112972563586,-0.08378438457186253,0.7285200949171414,0.6965605069556224,0.7660341106132033,True
post_late,post_late.bursts_per_min,Activity bursts,1/min,1.4915013980926535,1.8747756681770102,-0.38327427008435677,-0.4582377225739389,-0.29995537824779867,0.7955625963201005,0.7608733220589619,0.8385751847271213,True
post_late,post_late.pgfault_per_s,Page faults,1/s,0.0,0.00013887080776413678,-0.00013887080776413678,-0.00041661242329241036,0.0,0.0,0.0,0.0,False
post_late,post_late.anon_mean_mib,Anonymous memory,MiB,1.181640625,4.925568305763429,-3.743927680763429,-3.76953125,-3.723970542290286,0.2398993479833296,0.23854660347551343,0.2412420382165605,True
post_late,post_late.anon_slope_mib_per_h,Anonymous memory trend,MiB/h,0.0,0.0019973423487063082,-0.0019973423487063082,-0.005992027046118925,0.0,0.0,0.0,0.0,False
post_late,post_late.rss_mean_mib,Resident set size,MiB,6.861226813476275,24.2898262915767,-17.428599478100423,-17.509340083153397,-17.333660144677122,0.28247327630562896,0.27921556019932486,0.2862378310728209,True
post_late,post_late.mem_mean_mib,memory.current,MiB,1.491280431838474,5.445301195112639,-3.9540207632741646,-3.98952877289261,-3.9266202862512944,0.2738655546137565,0.27181269377590445,0.2758768722841941,True
post_late,post_late.threads_max,OS threads,count,2.0,6.5,-4.5,-5.0,-4.0,0.3076923076923077,0.2857142857142857,0.3333333333333333,True
post_late,post_late.threads_waking,Threads that woke,count,2.0,5.0,-3.0,-3.0,-3.0,0.4,0.4,0.4,True
post_late,post_late.top_thread_share_pct,Wakeups on the busiest thread,%,56.77677801889987,82.5066858714939,-25.72990785259403,-28.574446848705755,-22.72326313970465,0.6881476018480616,0.66071015713192,0.7190894396024184,True
post_late,post_late.net_rx_pkts_per_min,Network packets received,1/min,3.391291657341334,3.5745724477576575,-0.1832807904163234,-0.29999884580108027,-0.049956488742821215,0.9487265139831489,0.917411334900697,0.9857286199357778,True
post_late,post_late.net_tx_pkts_per_min,Network packets sent,1/min,3.57460455718111,3.5079140120862946,0.06669054509481542,-0.058309529145431416,0.20000568094868987,1.0190114537770987,0.9837357838468478,1.0577079568155723,False
post_late,post_late.net_rx_bytes_per_s,Network bytes received,B/s,7.073522382072551,7.276211276648134,-0.2026888945755827,-0.5747972194864595,0.25122625080160077,0.9721436216089435,0.9229171265344646,1.0359997705875483,False
post_late,post_late.net_tx_bytes_per_s,Network bytes sent,B/s,8.511002513648378,8.75186701035912,-0.24086449671074206,-0.5752356114593518,0.2822761139366037,0.9724785012814244,0.936270028815567,1.0341872406482058,False
post_late,post_late.throttled_ms,CFS throttled time,ms,0.0,0.0,0.0,0.0,0.0,nan,nan,nan,False
post_late,post_late.load1_max,Node load1 max,load,0.4425,0.4625,-0.020000000000000018,-0.16499999999999998,0.11750000000000005,0.9567567567567568,0.6611111111111111,1.272727272727273,False
delta_post_near,delta_post_near.millicores,CPU,millicores,-0.0012163671785168323,0.025476323950343202,-0.026692691128860035,-0.031816911584456084,-0.02153987710921929,-0.04774500359187206,-0.06903840700351838,-0.03132306314269116,True
delta_post_near,delta_post_near.wakeups_per_s,Thread wakeups,1/s,-0.0032386188835310317,0.20387875824535617,-0.2071173771288872,-0.25595589884626063,-0.15190676156429925,-0.01588502358658445,-0.08806553416702421,0.05792560773719601,True
delta_post_near,delta_post_near.active_pct,Sample intervals with any CPU use,%,0.009454638012144849,0.03787027029269435,-0.028415632280549503,-0.07399233321055643,0.009123058685656577,0.24965858281631453,-0.6202271700398425,1.454632541980827,False
delta_post_near,delta_post_near.pgfault_per_s,Page faults,1/s,0.0001382688615220064,0.2343087108721093,-0.2341704420105873,-0.2375025586576651,-0.23084202601564194,0.0005901140465813773,-0.0014813803474508361,0.00206765546069837,True
delta_post_near,delta_post_near.anon_mean_mib,Anonymous memory,MiB,0.6055571205487977,1.4328299484538016,-0.8272728279050039,-0.8401493654503434,-0.813585360131057,0.4226301391887207,0.41874011852527526,0.42695137631672314,True
delta_post_near,delta_post_near.rss_mean_mib,Resident set size,MiB,0.6055568024415499,1.4286741659096363,-0.8231173634680864,-0.8356499075320365,-0.8093200560832745,0.4238592793871877,0.42003082500950967,0.4281986972262428,True
delta_post_near,delta_post_near.mem_mean_mib,memory.current,MiB,0.6084020202652713,1.4682465673815042,-0.8598445471162328,-0.8852434013993088,-0.8349656787196518,0.4143731943813128,0.40611246051806826,0.4224524958834869,True
delta_post_near,delta_post_near.net_rx_pkts_per_min,Network packets received,1/min,-0.08036462518840604,-0.1328073516993833,0.052442726510977256,-0.2298757600062158,0.33151186659860665,0.6051218111051244,-2.57786486430904,5.37265046051826,False
delta_post_mid,delta_post_mid.millicores,CPU,millicores,0.0003364161286188421,0.02281638017983974,-0.0224799640512209,-0.02531886509497058,-0.019548261314845248,0.014744500484616533,-0.03395522221962141,0.06589075917512241,True
delta_post_mid,delta_post_mid.wakeups_per_s,Thread wakeups,1/s,0.013450046512607939,0.10750235841520371,-0.09405231190259578,-0.1291855474500417,-0.05373335989890976,0.1251139669016391,-0.0007941593241486548,0.3010244771703107,True
delta_post_mid,delta_post_mid.active_pct,Sample intervals with any CPU use,%,0.00966056871235952,0.004779938420668595,0.004880630291690925,-0.002534940457996397,0.012923884995296231,2.0210655163645908,-4.336049145881534,36.08279644388822,False
delta_post_mid,delta_post_mid.pgfault_per_s,Page faults,1/s,-0.0015276922049602972,-0.030611508277209334,0.02908381607224904,0.02791375053236754,0.029975989073529226,0.049905812909509066,0.03865011653681053,0.06576391020074787,True
delta_post_mid,delta_post_mid.anon_mean_mib,Anonymous memory,MiB,0.6060374615181,1.1983984304497457,-0.5923609689316457,-0.6204980279519668,-0.5707350969194265,0.5057061542467649,0.4941051169909015,0.515014401132278,True
delta_post_mid,delta_post_mid.rss_mean_mib,Resident set size,MiB,0.6060317920910399,1.1939723751475881,-0.5879405830565483,-0.6170852235345163,-0.5647290039259278,0.5075760584629335,0.49552019522245494,0.5177125745863956,True
delta_post_mid,delta_post_mid.mem_mean_mib,memory.current,MiB,0.6063473486177663,1.2290713218622893,-0.622723973244523,-0.6568670989293577,-0.5992104824563376,0.49333780540825617,0.4798067114308649,0.5030312491556177,True
delta_post_mid,delta_post_mid.net_rx_pkts_per_min,Network packets received,1/min,-0.06717443289116876,-0.11995309778252505,0.0527786648913563,-0.09300301543858616,0.1871933272596653,0.5600058200493996,-0.27731650929606066,3.5881840984450357,False
delta_post_late,delta_post_late.millicores,CPU,millicores,-0.0004156251434374869,0.024999086071481033,-0.02541471121491852,-0.02886986918418971,-0.0225284769867319,-0.016625613522393213,-0.04844646583214477,0.014840539680263538,True
delta_post_late,delta_post_late.wakeups_per_s,Thread wakeups,1/s,0.010131196470087856,0.07803029565466568,-0.06789909918457783,-0.08668975530002687,-0.053747419411320954,0.12983670489888857,0.07175030483051364,0.21641995641070044,True
delta_post_late,delta_post_late.active_pct,Sample intervals with any CPU use,%,0.005288864041449855,0.02480205465415583,-0.019513190612705976,-0.035674355428563925,-0.00045807080820855356,0.21324297987399415,-0.026042737443208598,0.8276270938358571,True
delta_post_late,delta_post_late.pgfault_per_s,Page faults,1/s,-0.0015276922049602972,-0.0304726374694452,0.028944945264484902,0.027844321274544545,0.02984719313179021,0.05013324516107635,0.03883962131479797,0.06588746389624582,True
delta_post_late,delta_post_late.anon_mean_mib,Anonymous memory,MiB,0.6060374615181,1.1991620487131742,-0.5931245871950742,-0.6212616462153956,-0.572177354717963,0.5053841239959531,0.4938355920158224,0.5145882406941426,True
delta_post_late,delta_post_late.rss_mean_mib,Resident set size,MiB,0.6059304805673145,1.1947361667242857,-0.5888056861569713,-0.6179503266349393,-0.5649316269733786,0.5071667682318917,0.4951291681412774,0.5174796408476695,True
delta_post_late,delta_post_late.mem_mean_mib,memory.current,MiB,0.6075987994165063,1.2266319226998892,-0.6190331232833829,-0.6565969843539149,-0.5956838217174718,0.49533913814923836,0.48062080827730924,0.5049995340554249,True
delta_post_late,delta_post_late.net_rx_pkts_per_min,Network packets received,1/min,0.012322362290862698,-0.08218169327586078,0.09450405556672348,0.008003372424960409,0.174355783836439,-0.14994047700501864,-1.2812375894789885,0.6581423572928431,True
churn,startup.cpu_ms,Startup CPU until first sync,ms,0.135,2.59,-2.455,-5.4205,-0.0315,0.05212355212355213,0.0,0.8108108108108109,True
churn,sync_ms,Time to first sync,ms,31.25,101.5,-70.25,-75.25,-64.5,0.3078817733990148,0.25980392156862747,0.36633663366336633,True
churn,create.cpu_us_per_event,Net CPU per ADD event,us,156.9977580145047,427.2280119723538,-270.2302539578491,-325.335576638476,-216.810005825271,0.36748001913475686,0.29852917290283376,0.44501031432093957,True
churn,delete.cpu_us_per_event,Net CPU per DELETE event,us,167.5885100105502,373.19907709206166,-205.61056708151145,-246.54729919751884,-157.97849513746735,0.4490592830946607,0.37387222823106964,0.5565121699262667,True
churn,create.net_rx_bytes_per_event,Bytes received per ADD event,B,1658.0,1658.7225,-0.7225000000000819,-2.167500000000018,0.0,0.9995644238261674,0.9986944088473,1.0,False
churn,create.mem_max_mib,Peak memory.current during create,MiB,1.705078125,5.8330078125,-4.1279296875,-4.2490234375,-4.0029296875,0.2923154193872426,0.27243857596523485,0.3126272358899491,True
churn,churn.anon_growth_mib,anon growth during churn,MiB,0.6021312115181,1.3771093679497457,-0.7749781564316457,-0.8102475205173029,-0.7219386132185912,0.4372428403522946,0.42617844128263954,0.4549830032519719,True
churn,run.hwm_mib,Process RSS high-water mark,MiB,6.861328125,24.888671875,-18.02734375,-18.16015625,-17.875,0.27568076591069607,0.27230636427842736,0.2795969773299748,True
churn,run.mem_peak_mib,cgroup memory.peak,MiB,4.111328125,6.384765625,-2.2734375,-2.5537109375,-2.0205078125,0.643927806668706,0.5993589743589743,0.6828707253488728,True
