impl,trial,phase,key,start,end,delta,hours,per_hour
go,1,warmup,cache,1.0,1.0,0.0,0.0833961339129342,0.0
go,1,warmup,applies,0.0,0.0,0.0,0.0833961339129342,0.0
go,1,warmup,deletes,0.0,0.0,0.0,0.0833961339129342,0.0
go,1,warmup,gc_cycles_total_gc_cycles,0.0,0.0,0.0,0.0833961339129342,0.0
go,1,warmup,gc_cycles_automatic_gc_cycles,0.0,0.0,0.0,0.0833961339129342,0.0
go,1,warmup,gc_cycles_forced_gc_cycles,0.0,0.0,0.0,0.0833961339129342,0.0
go,1,warmup,cpu_classes_total_cpu_seconds,0.0,0.0,0.0,0.0833961339129342,0.0
go,1,warmup,cpu_classes_user_cpu_seconds,0.0,0.0,0.0,0.0833961339129342,0.0
go,1,warmup,cpu_classes_gc_total_cpu_seconds,0.0,0.0,0.0,0.0833961339129342,0.0
go,1,warmup,cpu_classes_scavenge_total_cpu_seconds,0.0,0.0,0.0,0.0833961339129342,0.0
go,1,warmup,cpu_classes_idle_cpu_seconds,0.0,0.0,0.0,0.0833961339129342,0.0
go,1,warmup,memory_classes_total_bytes,12015880.0,12015880.0,0.0,0.0833961339129342,0.0
go,1,warmup,memory_classes_heap_objects_bytes,1729824.0,1753744.0,23920.0,0.0833961339129342,286823.8475535634
go,1,warmup,memory_classes_heap_free_bytes,32768.0,32768.0,0.0,0.0833961339129342,0.0
go,1,warmup,memory_classes_heap_released_bytes,4644864.0,4612096.0,-32768.0,0.0833961339129342,-392919.89283591835
go,1,warmup,gc_heap_goal_bytes,4194304.0,4194304.0,0.0,0.0833961339129342,0.0
go,1,warmup,gc_heap_allocs_bytes,1729824.0,1753744.0,23920.0,0.0833961339129342,286823.8475535634
go,1,warmup,sched_goroutines_goroutines,23.0,23.0,0.0,0.0833961339129342,0.0
go,1,idle_pre,cache,1.0,1.0,0.0,1.001382134689225,0.0
go,1,idle_pre,applies,0.0,0.0,0.0,1.001382134689225,0.0
go,1,idle_pre,deletes,0.0,0.0,0.0,1.001382134689225,0.0
go,1,idle_pre,gc_cycles_total_gc_cycles,0.0,0.0,0.0,1.001382134689225,0.0
go,1,idle_pre,gc_cycles_automatic_gc_cycles,0.0,0.0,0.0,1.001382134689225,0.0
go,1,idle_pre,gc_cycles_forced_gc_cycles,0.0,0.0,0.0,1.001382134689225,0.0
go,1,idle_pre,cpu_classes_total_cpu_seconds,0.0,0.0,0.0,1.001382134689225,0.0
go,1,idle_pre,cpu_classes_user_cpu_seconds,0.0,0.0,0.0,1.001382134689225,0.0
go,1,idle_pre,cpu_classes_gc_total_cpu_seconds,0.0,0.0,0.0,1.001382134689225,0.0
go,1,idle_pre,cpu_classes_scavenge_total_cpu_seconds,0.0,0.0,0.0,1.001382134689225,0.0
go,1,idle_pre,cpu_classes_idle_cpu_seconds,0.0,0.0,0.0,1.001382134689225,0.0
go,1,idle_pre,memory_classes_total_bytes,12015880.0,12015880.0,0.0,1.001382134689225,0.0
go,1,idle_pre,memory_classes_heap_objects_bytes,1753744.0,2123888.0,370144.0,1.001382134689225,369633.1172463674
go,1,idle_pre,memory_classes_heap_free_bytes,32768.0,32768.0,0.0,1.001382134689225,0.0
go,1,idle_pre,memory_classes_heap_released_bytes,4612096.0,4227072.0,-385024.0,1.001382134689225,-384492.5794681674
go,1,idle_pre,gc_heap_goal_bytes,4194304.0,4194304.0,0.0,1.001382134689225,0.0
go,1,idle_pre,gc_heap_allocs_bytes,1753744.0,2123888.0,370144.0,1.001382134689225,369633.1172463674
go,1,idle_pre,sched_goroutines_goroutines,23.0,23.0,0.0,1.001382134689225,0.0
go,1,create,cache,1.0,101.0,100.0,0.01465018974410163,6825.850159398883
go,1,create,applies,0.0,100.0,100.0,0.01465018974410163,6825.850159398883
go,1,create,deletes,0.0,0.0,0.0,0.01465018974410163,0.0
go,1,create,gc_cycles_total_gc_cycles,0.0,1.0,1.0,0.01465018974410163,68.25850159398884
go,1,create,gc_cycles_automatic_gc_cycles,0.0,1.0,1.0,0.01465018974410163,68.25850159398884
go,1,create,gc_cycles_forced_gc_cycles,0.0,0.0,0.0,0.01465018974410163,0.0
go,1,create,cpu_classes_total_cpu_seconds,0.0,3920.935347,3920.935347,0.01465018974410163,267637.1716331267
go,1,create,cpu_classes_user_cpu_seconds,0.0,0.087152,0.087152,0.01465018974410163,5.9488649309193145
go,1,create,cpu_classes_gc_total_cpu_seconds,0.0,0.003795,0.003795,0.01465018974410163,0.2590410135491876
go,1,create,cpu_classes_scavenge_total_cpu_seconds,0.0,1e-06,1e-06,0.01465018974410163,6.825850159398883e-05
go,1,create,cpu_classes_idle_cpu_seconds,0.0,3920.844399,3920.844399,0.01465018974410163,267630.9636589237
go,1,create,memory_classes_total_bytes,12015880.0,12876040.0,860160.0,0.01465018974410163,58713232.731085435
go,1,create,memory_classes_heap_objects_bytes,2123888.0,1897464.0,-226424.0,0.01465018974410163,-15455362.964917328
go,1,create,memory_classes_heap_free_bytes,32768.0,794624.0,761856.0,0.01465018974410163,52003148.99038996
go,1,create,memory_classes_heap_released_bytes,4227072.0,3727360.0,-499712.0,0.01465018974410163,-34109592.34853535
go,1,create,gc_heap_goal_bytes,4194304.0,4194304.0,0.0,0.01465018974410163,0.0
go,1,create,gc_heap_allocs_bytes,2123888.0,3328104.0,1204216.0,0.01465018974410163,82197979.75550686
go,1,create,sched_goroutines_goroutines,23.0,24.0,1.0,0.01465018974410163,68.25850159398884
go,1,delete,cache,101.0,1.0,-100.0,0.01589009079668257,-6293.230245158659
go,1,delete,applies,100.0,100.0,0.0,0.01589009079668257,0.0
go,1,delete,deletes,0.0,100.0,100.0,0.01589009079668257,6293.230245158659
go,1,delete,gc_cycles_total_gc_cycles,1.0,1.0,0.0,0.01589009079668257,0.0
go,1,delete,gc_cycles_automatic_gc_cycles,1.0,1.0,0.0,0.01589009079668257,0.0
go,1,delete,gc_cycles_forced_gc_cycles,0.0,0.0,0.0,0.01589009079668257,0.0
go,1,delete,cpu_classes_total_cpu_seconds,3920.935347,3920.935347,0.0,0.01589009079668257,0.0
go,1,delete,cpu_classes_user_cpu_seconds,0.087152,0.087152,0.0,0.01589009079668257,0.0
go,1,delete,cpu_classes_gc_total_cpu_seconds,0.003795,0.003795,0.0,0.01589009079668257,0.0
go,1,delete,cpu_classes_scavenge_total_cpu_seconds,1e-06,1e-06,0.0,0.01589009079668257,0.0
go,1,delete,cpu_classes_idle_cpu_seconds,3920.844399,3920.844399,0.0,0.01589009079668257,0.0
go,1,delete,memory_classes_total_bytes,12876040.0,12876040.0,0.0,0.01589009079668257,0.0
go,1,delete,memory_classes_heap_objects_bytes,1897464.0,2474112.0,576648.0,0.01589009079668257,36289786.3441025
go,1,delete,memory_classes_heap_free_bytes,794624.0,450560.0,-344064.0,0.01589009079668257,-21652739.710702688
go,1,delete,memory_classes_heap_released_bytes,3727360.0,3645440.0,-81920.0,0.01589009079668257,-5155414.216833973
go,1,delete,gc_heap_goal_bytes,4194304.0,4194304.0,0.0,0.01589009079668257,0.0
go,1,delete,gc_heap_allocs_bytes,3328104.0,3904752.0,576648.0,0.01589009079668257,36289786.3441025
go,1,delete,sched_goroutines_goroutines,24.0,24.0,0.0,0.01589009079668257,0.0
go,1,post_near,cache,1.0,1.0,0.0,0.16674006475342645,0.0
go,1,post_near,applies,100.0,100.0,0.0,0.16674006475342645,0.0
go,1,post_near,deletes,100.0,100.0,0.0,0.16674006475342645,0.0
go,1,post_near,gc_cycles_total_gc_cycles,1.0,6.0,5.0,0.16674006475342645,29.98679416008354
go,1,post_near,gc_cycles_automatic_gc_cycles,1.0,6.0,5.0,0.16674006475342645,29.98679416008354
go,1,post_near,gc_cycles_forced_gc_cycles,0.0,0.0,0.0,0.16674006475342645,0.0
go,1,post_near,cpu_classes_total_cpu_seconds,3920.935347,4591.070251,670.134904,0.16674006475342645,4019.039485147069
go,1,post_near,cpu_classes_user_cpu_seconds,0.087152,0.156736,0.069584,0.16674006475342645,0.4173202169670506
go,1,post_near,cpu_classes_gc_total_cpu_seconds,0.003795,0.019445,0.01565,0.16674006475342645,0.0938586657210615
go,1,post_near,cpu_classes_scavenge_total_cpu_seconds,1e-06,0.000645,0.0006439999999999999,0.16674006475342645,0.0038622990878187597
go,1,post_near,cpu_classes_idle_cpu_seconds,3920.844399,4590.893425,670.0490260000001,0.16674006475342645,4018.524443965294
go,1,post_near,memory_classes_total_bytes,12876040.0,13465864.0,589824.0,0.16674006475342645,3537386.175735423
go,1,post_near,memory_classes_heap_objects_bytes,2474112.0,1513408.0,-960704.0,0.16674006475342645,-5761686.61935378
go,1,post_near,memory_classes_heap_free_bytes,450560.0,303104.0,-147456.0,0.16674006475342645,-884346.5439338557
go,1,post_near,memory_classes_heap_released_bytes,3645440.0,4694016.0,1048576.0,0.16674006475342645,6288686.534640752
go,1,post_near,gc_heap_goal_bytes,4194304.0,4194304.0,0.0,0.16674006475342645,0.0
go,1,post_near,gc_heap_allocs_bytes,3904752.0,4025368.0,120616.0,0.16674006475342645,723377.4328825274
go,1,post_near,sched_goroutines_goroutines,24.0,24.0,0.0,0.16674006475342645,0.0
go,1,post_mid,cache,1.0,1.0,0.0,0.33338884638415445,0.0
go,1,post_mid,applies,100.0,100.0,0.0,0.33338884638415445,0.0
go,1,post_mid,deletes,100.0,100.0,0.0,0.33338884638415445,0.0
go,1,post_mid,gc_cycles_total_gc_cycles,6.0,14.0,8.0,0.33338884638415445,23.996003725876985
go,1,post_mid,gc_cycles_automatic_gc_cycles,6.0,14.0,8.0,0.33338884638415445,23.996003725876985
go,1,post_mid,gc_cycles_forced_gc_cycles,0.0,0.0,0.0,0.33338884638415445,0.0
go,1,post_mid,cpu_classes_total_cpu_seconds,4591.070251,5751.25965,1160.1893989999999,0.33338884638415445,3479.988642640872
go,1,post_mid,cpu_classes_user_cpu_seconds,0.156736,0.17161,0.014874000000000026,0.33338884638415445,0.04461456992733686
go,1,post_mid,cpu_classes_gc_total_cpu_seconds,0.019445,0.044627,0.025182,0.33338884638415445,0.07553342072812928
go,1,post_mid,cpu_classes_scavenge_total_cpu_seconds,0.000645,0.000645,0.0,0.33338884638415445,0.0
go,1,post_mid,cpu_classes_idle_cpu_seconds,4590.893425,5751.042768,1160.149343,0.33338884638415445,3479.868494650217
go,1,post_mid,memory_classes_total_bytes,13465864.0,13465864.0,0.0,0.33338884638415445,0.0
go,1,post_mid,memory_classes_heap_objects_bytes,1513408.0,1513408.0,0.0,0.33338884638415445,0.0
go,1,post_mid,memory_classes_heap_free_bytes,303104.0,262144.0,-40960.0,0.33338884638415445,-122859.53907649017
go,1,post_mid,memory_classes_heap_released_bytes,4694016.0,4694016.0,0.0,0.33338884638415445,0.0
go,1,post_mid,gc_heap_goal_bytes,4194304.0,4194304.0,0.0,0.33338884638415445,0.0
go,1,post_mid,gc_heap_allocs_bytes,4025368.0,4151728.0,126360.0,0.33338884638415445,379016.878850227
go,1,post_mid,sched_goroutines_goroutines,24.0,24.0,0.0,0.33338884638415445,0.0
go,1,post_late,cache,1.0,1.0,0.0,0.5000501963827345,0.0
go,1,post_late,applies,100.0,100.0,0.0,0.5000501963827345,0.0
go,1,post_late,deletes,100.0,100.0,0.0,0.5000501963827345,0.0
go,1,post_late,gc_cycles_total_gc_cycles,14.0,26.0,12.0,0.5000501963827345,23.99759081549344
go,1,post_late,gc_cycles_automatic_gc_cycles,14.0,26.0,12.0,0.5000501963827345,23.99759081549344
go,1,post_late,gc_cycles_forced_gc_cycles,0.0,0.0,0.0,0.5000501963827345,0.0
go,1,post_late,cpu_classes_total_cpu_seconds,5751.25965,7490.628054,1739.3684039999998,0.5000501963827345,3478.3876030491565
go,1,post_late,cpu_classes_user_cpu_seconds,0.17161,0.199259,0.02764899999999998,0.5000501963827345,0.055292449038131464
go,1,post_late,cpu_classes_gc_total_cpu_seconds,0.044627,0.088869,0.044242000000000004,0.5000501963827345,0.08847511773825506
go,1,post_late,cpu_classes_scavenge_total_cpu_seconds,0.000645,0.000645,0.0,0.5000501963827345,0.0
go,1,post_late,cpu_classes_idle_cpu_seconds,5751.042768,7490.339282,1739.2965139999997,0.5000501963827345,3478.243837482179
go,1,post_late,memory_classes_total_bytes,13465864.0,13465864.0,0.0,0.5000501963827345,0.0
go,1,post_late,memory_classes_heap_objects_bytes,1513408.0,1513408.0,0.0,0.5000501963827345,0.0
go,1,post_late,memory_classes_heap_free_bytes,262144.0,262144.0,0.0,0.5000501963827345,0.0
go,1,post_late,memory_classes_heap_released_bytes,4694016.0,4694016.0,0.0,0.5000501963827345,0.0
go,1,post_late,gc_heap_goal_bytes,4194304.0,4194304.0,0.0,0.5000501963827345,0.0
go,1,post_late,gc_heap_allocs_bytes,4151728.0,4341880.0,190152.0,0.5000501963827345,380265.82406230905
go,1,post_late,sched_goroutines_goroutines,24.0,24.0,0.0,0.5000501963827345,0.0
go,2,warmup,cache,1.0,1.0,0.0,0.08338205807738834,0.0
go,2,warmup,applies,0.0,0.0,0.0,0.08338205807738834,0.0
go,2,warmup,deletes,0.0,0.0,0.0,0.08338205807738834,0.0
go,2,warmup,gc_cycles_total_gc_cycles,0.0,0.0,0.0,0.08338205807738834,0.0
go,2,warmup,gc_cycles_automatic_gc_cycles,0.0,0.0,0.0,0.08338205807738834,0.0
go,2,warmup,gc_cycles_forced_gc_cycles,0.0,0.0,0.0,0.08338205807738834,0.0
go,2,warmup,cpu_classes_total_cpu_seconds,0.0,0.0,0.0,0.08338205807738834,0.0
go,2,warmup,cpu_classes_user_cpu_seconds,0.0,0.0,0.0,0.08338205807738834,0.0
go,2,warmup,cpu_classes_gc_total_cpu_seconds,0.0,0.0,0.0,0.08338205807738834,0.0
go,2,warmup,cpu_classes_scavenge_total_cpu_seconds,0.0,0.0,0.0,0.08338205807738834,0.0
go,2,warmup,cpu_classes_idle_cpu_seconds,0.0,0.0,0.0,0.08338205807738834,0.0
go,2,warmup,memory_classes_total_bytes,12015880.0,12015880.0,0.0,0.08338205807738834,0.0
go,2,warmup,memory_classes_heap_objects_bytes,1729824.0,1753744.0,23920.0,0.08338205807738834,286872.2666667622
go,2,warmup,memory_classes_heap_free_bytes,32768.0,32768.0,0.0,0.08338205807738834,0.0
go,2,warmup,memory_classes_heap_released_bytes,4644864.0,4612096.0,-32768.0,0.08338205807738834,-392986.2221628956
go,2,warmup,gc_heap_goal_bytes,4194304.0,4194304.0,0.0,0.08338205807738834,0.0
go,2,warmup,gc_heap_allocs_bytes,1729824.0,1753744.0,23920.0,0.08338205807738834,286872.2666667622
go,2,warmup,sched_goroutines_goroutines,23.0,23.0,0.0,0.08338205807738834,0.0
go,2,idle_pre,cache,1.0,1.0,0.0,1.0001654458708233,0.0
go,2,idle_pre,applies,0.0,0.0,0.0,1.0001654458708233,0.0
go,2,idle_pre,deletes,0.0,0.0,0.0,1.0001654458708233,0.0
go,2,idle_pre,gc_cycles_total_gc_cycles,0.0,0.0,0.0,1.0001654458708233,0.0
go,2,idle_pre,gc_cycles_automatic_gc_cycles,0.0,0.0,0.0,1.0001654458708233,0.0
go,2,idle_pre,gc_cycles_forced_gc_cycles,0.0,0.0,0.0,1.0001654458708233,0.0
go,2,idle_pre,cpu_classes_total_cpu_seconds,0.0,0.0,0.0,1.0001654458708233,0.0
go,2,idle_pre,cpu_classes_user_cpu_seconds,0.0,0.0,0.0,1.0001654458708233,0.0
go,2,idle_pre,cpu_classes_gc_total_cpu_seconds,0.0,0.0,0.0,1.0001654458708233,0.0
go,2,idle_pre,cpu_classes_scavenge_total_cpu_seconds,0.0,0.0,0.0,1.0001654458708233,0.0
go,2,idle_pre,cpu_classes_idle_cpu_seconds,0.0,0.0,0.0,1.0001654458708233,0.0
go,2,idle_pre,memory_classes_total_bytes,12015880.0,12015880.0,0.0,1.0001654458708233,0.0
go,2,idle_pre,memory_classes_heap_objects_bytes,1753744.0,2123888.0,370144.0,1.0001654458708233,370082.77133362
go,2,idle_pre,memory_classes_heap_free_bytes,32768.0,16384.0,-16384.0,1.0001654458708233,-16381.2897832466
go,2,idle_pre,memory_classes_heap_released_bytes,4612096.0,4243456.0,-368640.0,1.0001654458708233,-368579.0201230485
go,2,idle_pre,gc_heap_goal_bytes,4194304.0,4194304.0,0.0,1.0001654458708233,0.0
go,2,idle_pre,gc_heap_allocs_bytes,1753744.0,2123888.0,370144.0,1.0001654458708233,370082.77133362
go,2,idle_pre,sched_goroutines_goroutines,23.0,23.0,0.0,1.0001654458708233,0.0
go,2,create,cache,1.0,101.0,100.0,0.00919856799973382,10871.25735254593
go,2,create,applies,0.0,100.0,100.0,0.00919856799973382,10871.25735254593
go,2,create,deletes,0.0,0.0,0.0,0.00919856799973382,0.0
go,2,create,gc_cycles_total_gc_cycles,0.0,1.0,1.0,0.00919856799973382,108.7125735254593
go,2,create,gc_cycles_automatic_gc_cycles,0.0,1.0,1.0,0.00919856799973382,108.7125735254593
go,2,create,gc_cycles_forced_gc_cycles,0.0,0.0,0.0,0.00919856799973382,0.0
go,2,create,cpu_classes_total_cpu_seconds,0.0,3904.390806,3904.390806,0.00919856799973382,424456.37256940233
go,2,create,cpu_classes_user_cpu_seconds,0.0,0.082147,0.082147,0.00919856799973382,8.930411777395905
go,2,create,cpu_classes_gc_total_cpu_seconds,0.0,0.003712,0.003712,0.00919856799973382,0.40354107292650493
go,2,create,cpu_classes_scavenge_total_cpu_seconds,0.0,0.0,0.0,0.00919856799973382,0.0
go,2,create,cpu_classes_idle_cpu_seconds,0.0,3904.304947,3904.304947,0.00919856799973382,424447.038616552
go,2,create,memory_classes_total_bytes,12015880.0,12876040.0,860160.0,0.00919856799973382,93510207.24365908
go,2,create,memory_classes_heap_objects_bytes,2123888.0,1894928.0,-228960.0,0.00919856799973382,-24890830.83438916
go,2,create,memory_classes_heap_free_bytes,16384.0,794624.0,778240.0,0.00919856799973382,84604473.22045346
go,2,create,memory_classes_heap_released_bytes,4243456.0,3735552.0,-507904.0,0.00919856799973382,-55215550.94387488
go,2,create,gc_heap_goal_bytes,4194304.0,4194304.0,0.0,0.00919856799973382,0.0
go,2,create,gc_heap_allocs_bytes,2123888.0,3324896.0,1201008.0,0.00919856799973382,130564670.50466482
go,2,create,sched_goroutines_goroutines,23.0,24.0,1.0,0.00919856799973382,108.7125735254593
go,2,delete,cache,101.0,1.0,-100.0,0.014265027774704828,-7010.151089738709
go,2,delete,applies,100.0,100.0,0.0,0.014265027774704828,0.0
go,2,delete,deletes,0.0,100.0,100.0,0.014265027774704828,7010.151089738709
go,2,delete,gc_cycles_total_gc_cycles,1.0,1.0,0.0,0.014265027774704828,0.0
go,2,delete,gc_cycles_automatic_gc_cycles,1.0,1.0,0.0,0.014265027774704828,0.0
go,2,delete,gc_cycles_forced_gc_cycles,0.0,0.0,0.0,0.014265027774704828,0.0
go,2,delete,cpu_classes_total_cpu_seconds,3904.390806,3904.390806,0.0,0.014265027774704828,0.0
go,2,delete,cpu_classes_user_cpu_seconds,0.082147,0.082147,0.0,0.014265027774704828,0.0
go,2,delete,cpu_classes_gc_total_cpu_seconds,0.003712,0.003712,0.0,0.014265027774704828,0.0
go,2,delete,cpu_classes_scavenge_total_cpu_seconds,0.0,0.0,0.0,0.014265027774704828,0.0
go,2,delete,cpu_classes_idle_cpu_seconds,3904.304947,3904.304947,0.0,0.014265027774704828,0.0
go,2,delete,memory_classes_total_bytes,12876040.0,12876040.0,0.0,0.014265027774704828,0.0
go,2,delete,memory_classes_heap_objects_bytes,1894928.0,2448640.0,553712.0,0.014265027774704828,38816047.802014
go,2,delete,memory_classes_heap_free_bytes,794624.0,360448.0,-434176.0,0.014265027774704828,-30436393.59538394
go,2,delete,memory_classes_heap_released_bytes,3735552.0,3719168.0,-16384.0,0.014265027774704828,-1148543.15454279
go,2,delete,gc_heap_goal_bytes,4194304.0,4194304.0,0.0,0.014265027774704828,0.0
go,2,delete,gc_heap_allocs_bytes,3324896.0,3878608.0,553712.0,0.014265027774704828,38816047.802014
go,2,delete,sched_goroutines_goroutines,24.0,24.0,0.0,0.014265027774704828,0.0
go,2,post_near,cache,1.0,1.0,0.0,0.16670689834488764,0.0
go,2,post_near,applies,100.0,100.0,0.0,0.16670689834488764,0.0
go,2,post_near,deletes,100.0,100.0,0.0,0.16670689834488764,0.0
go,2,post_near,gc_cycles_total_gc_cycles,1.0,5.0,4.0,0.16670689834488764,23.994208036458662
go,2,post_near,gc_cycles_automatic_gc_cycles,1.0,5.0,4.0,0.16670689834488764,23.994208036458662
go,2,post_near,gc_cycles_forced_gc_cycles,0.0,0.0,0.0,0.16670689834488764,0.0
go,2,post_near,cpu_classes_total_cpu_seconds,3904.390806,4440.102038,535.7112320000001,0.16670689834488764,3213.491687018893
go,2,post_near,cpu_classes_user_cpu_seconds,0.082147,0.146966,0.06481900000000002,0.16670689834488764,0.3888201426788036
go,2,post_near,cpu_classes_gc_total_cpu_seconds,0.003712,0.019691,0.015979,0.16670689834488764,0.09585086255364324
go,2,post_near,cpu_classes_scavenge_total_cpu_seconds,0.0,0.000595,0.000595,0.16670689834488764,0.003569138445423226
go,2,post_near,cpu_classes_idle_cpu_seconds,3904.304947,4439.934785,535.6298380000003,0.16670689834488764,3213.003440876664
go,2,post_near,memory_classes_total_bytes,12876040.0,13465864.0,589824.0,0.16670689834488764,3538089.940224048
go,2,post_near,memory_classes_heap_objects_bytes,2448640.0,1520608.0,-928032.0,0.16670689834488764,-5566848.218122701
go,2,post_near,memory_classes_heap_free_bytes,360448.0,253952.0,-106496.0,0.16670689834488764,-638821.7947626754
go,2,post_near,memory_classes_heap_released_bytes,3719168.0,4702208.0,983040.0,0.16670689834488764,5896816.56704008
go,2,post_near,gc_heap_goal_bytes,4194304.0,4194304.0,0.0,0.16670689834488764,0.0
go,2,post_near,gc_heap_allocs_bytes,3878608.0,4024296.0,145688.0,0.16670689834488764,873917.0451038973
go,2,post_near,sched_goroutines_goroutines,24.0,24.0,0.0,0.16670689834488764,0.0
go,2,post_mid,cache,1.0,1.0,0.0,0.33340199251969654,0.0
go,2,post_mid,applies,100.0,100.0,0.0,0.33340199251969654,0.0
go,2,post_mid,deletes,100.0,100.0,0.0,0.33340199251969654,0.0
go,2,post_mid,gc_cycles_total_gc_cycles,5.0,14.0,9.0,0.33340199251969654,26.994439751191056
go,2,post_mid,gc_cycles_automatic_gc_cycles,5.0,14.0,9.0,0.33340199251969654,26.994439751191056
go,2,post_mid,gc_cycles_forced_gc_cycles,0.0,0.0,0.0,0.33340199251969654,0.0
go,2,post_mid,cpu_classes_total_cpu_seconds,4440.102038,5750.325788,1310.22375,0.33340199251969654,3929.861786661624
go,2,post_mid,cpu_classes_user_cpu_seconds,0.146966,0.162833,0.015866999999999992,0.33340199251969654,0.04759119728134981
go,2,post_mid,cpu_classes_gc_total_cpu_seconds,0.019691,0.046598,0.026907,0.33340199251969654,0.08070437670947753
go,2,post_mid,cpu_classes_scavenge_total_cpu_seconds,0.000595,0.000595,0.0,0.33340199251969654,0.0
go,2,post_mid,cpu_classes_idle_cpu_seconds,4439.934785,5750.115762,1310.180977,0.33340199251969654,3929.733494087015
go,2,post_mid,memory_classes_total_bytes,13465864.0,13465864.0,0.0,0.33340199251969654,0.0
go,2,post_mid,memory_classes_heap_objects_bytes,1520608.0,1518232.0,-2376.0,0.33340199251969654,-7126.532094314439
go,2,post_mid,memory_classes_heap_free_bytes,253952.0,262144.0,8192.0,0.33340199251969654,24570.938937973016
go,2,post_mid,memory_classes_heap_released_bytes,4702208.0,4702208.0,0.0,0.33340199251969654,0.0
go,2,post_mid,gc_heap_goal_bytes,4194304.0,4194304.0,0.0,0.33340199251969654,0.0
go,2,post_mid,gc_heap_allocs_bytes,4024296.0,4158848.0,134552.0,0.33340199251969654,403572.8730446955
go,2,post_mid,sched_goroutines_goroutines,24.0,24.0,0.0,0.33340199251969654,0.0
go,2,post_late,cache,1.0,1.0,0.0,0.5000686208407085,0.0
go,2,post_late,applies,100.0,100.0,0.0,0.5000686208407085,0.0
go,2,post_late,deletes,100.0,100.0,0.0,0.5000686208407085,0.0
go,2,post_late,gc_cycles_total_gc_cycles,14.0,26.0,12.0,0.5000686208407085,23.99670665163066
go,2,post_late,gc_cycles_automatic_gc_cycles,14.0,26.0,12.0,0.5000686208407085,23.99670665163066
go,2,post_late,gc_cycles_forced_gc_cycles,0.0,0.0,0.0,0.5000686208407085,0.0
go,2,post_late,cpu_classes_total_cpu_seconds,5750.325788,7489.672847,1739.3470589999997,0.5000686208407085,3478.2167616832935
go,2,post_late,cpu_classes_user_cpu_seconds,0.162833,0.189407,0.026573999999999987,0.5000686208407085,0.053140706880036075
go,2,post_late,cpu_classes_gc_total_cpu_seconds,0.046598,0.087238,0.040639999999999996,0.5000686208407085,0.08126884652685583
go,2,post_late,cpu_classes_scavenge_total_cpu_seconds,0.000595,0.000595,0.0,0.5000686208407085,0.0
go,2,post_late,cpu_classes_idle_cpu_seconds,5750.115762,7489.395607,1739.279845,0.5000686208407085,3478.082352129887
go,2,post_late,memory_classes_total_bytes,13465864.0,13465864.0,0.0,0.5000686208407085,0.0
go,2,post_late,memory_classes_heap_objects_bytes,1518232.0,1518232.0,0.0,0.5000686208407085,0.0
go,2,post_late,memory_classes_heap_free_bytes,262144.0,221184.0,-40960.0,0.5000686208407085,-81908.75870423266
go,2,post_late,memory_classes_heap_released_bytes,4702208.0,4702208.0,0.0,0.5000686208407085,0.0
go,2,post_late,gc_heap_goal_bytes,4194304.0,4194304.0,0.0,0.5000686208407085,0.0
go,2,post_late,gc_heap_allocs_bytes,4158848.0,4348704.0,189856.0,0.5000686208407085,379659.8948376659
go,2,post_late,sched_goroutines_goroutines,24.0,24.0,0.0,0.5000686208407085,0.0
go,3,warmup,cache,1.0,1.0,0.0,0.08337250418133206,0.0
go,3,warmup,applies,0.0,0.0,0.0,0.08337250418133206,0.0
go,3,warmup,deletes,0.0,0.0,0.0,0.08337250418133206,0.0
go,3,warmup,gc_cycles_total_gc_cycles,0.0,0.0,0.0,0.08337250418133206,0.0
go,3,warmup,gc_cycles_automatic_gc_cycles,0.0,0.0,0.0,0.08337250418133206,0.0
go,3,warmup,gc_cycles_forced_gc_cycles,0.0,0.0,0.0,0.08337250418133206,0.0
go,3,warmup,cpu_classes_total_cpu_seconds,0.0,0.0,0.0,0.08337250418133206,0.0
go,3,warmup,cpu_classes_user_cpu_seconds,0.0,0.0,0.0,0.08337250418133206,0.0
go,3,warmup,cpu_classes_gc_total_cpu_seconds,0.0,0.0,0.0,0.08337250418133206,0.0
go,3,warmup,cpu_classes_scavenge_total_cpu_seconds,0.0,0.0,0.0,0.08337250418133206,0.0
go,3,warmup,cpu_classes_idle_cpu_seconds,0.0,0.0,0.0,0.08337250418133206,0.0
go,3,warmup,memory_classes_total_bytes,7821576.0,12015880.0,4194304.0,0.08337250418133206,50308000.715410285
go,3,warmup,memory_classes_heap_objects_bytes,1729824.0,1753744.0,23920.0,0.08337250418133206,286905.14018836356
go,3,warmup,memory_classes_heap_free_bytes,24576.0,0.0,-24576.0,0.08337250418133206,-294773.4416918571
go,3,warmup,memory_classes_heap_released_bytes,458752.0,4644864.0,4186112.0,0.08337250418133206,50209742.901512995
go,3,warmup,gc_heap_goal_bytes,4194304.0,4194304.0,0.0,0.08337250418133206,0.0
go,3,warmup,gc_heap_allocs_bytes,1729824.0,1753744.0,23920.0,0.08337250418133206,286905.14018836356
go,3,warmup,sched_goroutines_goroutines,23.0,23.0,0.0,0.08337250418133206,0.0
go,3,idle_pre,cache,1.0,1.0,0.0,1.0000874596834182,0.0
go,3,idle_pre,applies,0.0,0.0,0.0,1.0000874596834182,0.0
go,3,idle_pre,deletes,0.0,0.0,0.0,1.0000874596834182,0.0
go,3,idle_pre,gc_cycles_total_gc_cycles,0.0,0.0,0.0,1.0000874596834182,0.0
go,3,idle_pre,gc_cycles_automatic_gc_cycles,0.0,0.0,0.0,1.0000874596834182,0.0
go,3,idle_pre,gc_cycles_forced_gc_cycles,0.0,0.0,0.0,1.0000874596834182,0.0
go,3,idle_pre,cpu_classes_total_cpu_seconds,0.0,0.0,0.0,1.0000874596834182,0.0
go,3,idle_pre,cpu_classes_user_cpu_seconds,0.0,0.0,0.0,1.0000874596834182,0.0
go,3,idle_pre,cpu_classes_gc_total_cpu_seconds,0.0,0.0,0.0,1.0000874596834182,0.0
go,3,idle_pre,cpu_classes_scavenge_total_cpu_seconds,0.0,0.0,0.0,1.0000874596834182,0.0
go,3,idle_pre,cpu_classes_idle_cpu_seconds,0.0,0.0,0.0,1.0000874596834182,0.0
go,3,idle_pre,memory_classes_total_bytes,12015880.0,12015880.0,0.0,1.0000874596834182,0.0
go,3,idle_pre,memory_classes_heap_objects_bytes,1753744.0,2123888.0,370144.0,1.0000874596834182,370111.63015399734
go,3,idle_pre,memory_classes_heap_free_bytes,0.0,0.0,0.0,1.0000874596834182,0.0
go,3,idle_pre,memory_classes_heap_released_bytes,4644864.0,4259840.0,-385024.0,1.0000874596834182,-384990.32886771817
go,3,idle_pre,gc_heap_goal_bytes,4194304.0,4194304.0,0.0,1.0000874596834182,0.0
go,3,idle_pre,gc_heap_allocs_bytes,1753744.0,2123888.0,370144.0,1.0000874596834182,370111.63015399734
go,3,idle_pre,sched_goroutines_goroutines,23.0,23.0,0.0,1.0000874596834182,0.0
go,3,create,cache,1.0,101.0,100.0,0.009143565032217237,10936.653225262931
go,3,create,applies,0.0,100.0,100.0,0.009143565032217237,10936.653225262931
go,3,create,deletes,0.0,0.0,0.0,0.009143565032217237,0.0
go,3,create,gc_cycles_total_gc_cycles,0.0,1.0,1.0,0.009143565032217237,109.36653225262931
go,3,create,gc_cycles_automatic_gc_cycles,0.0,1.0,1.0,0.009143565032217237,109.36653225262931
go,3,create,gc_cycles_forced_gc_cycles,0.0,0.0,0.0,0.009143565032217237,0.0
go,3,create,cpu_classes_total_cpu_seconds,0.0,3903.911011,3903.911011,0.009143565032217237,426957.2094959262
go,3,create,cpu_classes_user_cpu_seconds,0.0,0.087506,0.087506,0.009143565032217237,9.57022777129858
go,3,create,cpu_classes_gc_total_cpu_seconds,0.0,0.002844,0.002844,0.009143565032217237,0.3110384177264778
go,3,create,cpu_classes_scavenge_total_cpu_seconds,0.0,3e-06,3e-06,0.009143565032217237,0.00032809959675788794
go,3,create,cpu_classes_idle_cpu_seconds,0.0,3903.820658,3903.820658,0.009143565032217237,426947.3279016376
go,3,create,memory_classes_total_bytes,12015880.0,12876040.0,860160.0,0.009143565032217237,94072716.38242163
go,3,create,memory_classes_heap_objects_bytes,2123888.0,1893248.0,-230640.0,0.009143565032217237,-25224296.998746425
go,3,create,memory_classes_heap_free_bytes,0.0,794624.0,794624.0,0.009143565032217237,86905271.32471332
go,3,create,memory_classes_heap_released_bytes,4259840.0,3727360.0,-532480.0,0.009143565032217237,-58235491.09388006
go,3,create,gc_heap_goal_bytes,4194304.0,4194304.0,0.0,0.009143565032217237,0.0
go,3,create,gc_heap_allocs_bytes,2123888.0,3323888.0,1200000.0,0.009143565032217237,131239838.70315517
go,3,create,sched_goroutines_goroutines,23.0,24.0,1.0,0.009143565032217237,109.36653225262931
go,3,delete,cache,101.0,1.0,-100.0,0.014595223863919576,-6851.556436020626
go,3,delete,applies,100.0,100.0,0.0,0.014595223863919576,0.0
go,3,delete,deletes,0.0,100.0,100.0,0.014595223863919576,6851.556436020626
go,3,delete,gc_cycles_total_gc_cycles,1.0,1.0,0.0,0.014595223863919576,0.0
go,3,delete,gc_cycles_automatic_gc_cycles,1.0,1.0,0.0,0.014595223863919576,0.0
go,3,delete,gc_cycles_forced_gc_cycles,0.0,0.0,0.0,0.014595223863919576,0.0
go,3,delete,cpu_classes_total_cpu_seconds,3903.911011,3903.911011,0.0,0.014595223863919576,0.0
go,3,delete,cpu_classes_user_cpu_seconds,0.087506,0.087506,0.0,0.014595223863919576,0.0
go,3,delete,cpu_classes_gc_total_cpu_seconds,0.002844,0.002844,0.0,0.014595223863919576,0.0
go,3,delete,cpu_classes_scavenge_total_cpu_seconds,3e-06,3e-06,0.0,0.014595223863919576,0.0
go,3,delete,cpu_classes_idle_cpu_seconds,3903.820658,3903.820658,0.0,0.014595223863919576,0.0
go,3,delete,memory_classes_total_bytes,12876040.0,12876040.0,0.0,0.014595223863919576,0.0
go,3,delete,memory_classes_heap_objects_bytes,1893248.0,2464672.0,571424.0,0.014595223863919576,39151437.8489665
go,3,delete,memory_classes_heap_free_bytes,794624.0,499712.0,-294912.0,0.014595223863919576,-20206062.11659715
go,3,delete,memory_classes_heap_released_bytes,3727360.0,3604480.0,-122880.0,0.014595223863919576,-8419192.548582146
go,3,delete,gc_heap_goal_bytes,4194304.0,4194304.0,0.0,0.014595223863919576,0.0
go,3,delete,gc_heap_allocs_bytes,3323888.0,3895312.0,571424.0,0.014595223863919576,39151437.8489665
go,3,delete,sched_goroutines_goroutines,24.0,24.0,0.0,0.014595223863919576,0.0
go,3,post_near,cache,1.0,1.0,0.0,0.16670649303330315,0.0
go,3,post_near,applies,100.0,100.0,0.0,0.16670649303330315,0.0
go,3,post_near,deletes,100.0,100.0,0.0,0.16670649303330315,0.0
go,3,post_near,gc_cycles_total_gc_cycles,1.0,5.0,4.0,0.16670649303330315,23.99426637330146
go,3,post_near,gc_cycles_automatic_gc_cycles,1.0,5.0,4.0,0.16670649303330315,23.99426637330146
go,3,post_near,gc_cycles_forced_gc_cycles,0.0,0.0,0.0,0.16670649303330315,0.0
go,3,post_near,cpu_classes_total_cpu_seconds,3903.911011,4440.093337,536.1823260000001,0.16670649303330315,3216.325388675091
go,3,post_near,cpu_classes_user_cpu_seconds,0.087506,0.150608,0.06310199999999999,0.16670649303330315,0.37852154917201714
go,3,post_near,cpu_classes_gc_total_cpu_seconds,0.002844,0.014065,0.011220999999999998,0.16670649303330315,0.06730991574370392
go,3,post_near,cpu_classes_scavenge_total_cpu_seconds,3e-06,0.000523,0.0005200000000000001,0.16670649303330315,0.00311925462852919
go,3,post_near,cpu_classes_idle_cpu_seconds,3903.820658,4439.928141,536.1074830000002,0.16670649303330315,3215.8764379555473
go,3,post_near,memory_classes_total_bytes,12876040.0,13465864.0,589824.0,0.16670649303330315,3538098.54234154
go,3,post_near,memory_classes_heap_objects_bytes,2464672.0,1516992.0,-947680.0,0.16670649303330315,-5684721.5891625825
go,3,post_near,memory_classes_heap_free_bytes,499712.0,278528.0,-221184.0,0.16670649303330315,-1326786.9533780776
go,3,post_near,memory_classes_heap_released_bytes,3604480.0,4718592.0,1114112.0,0.16670649303330315,6683075.024422909
go,3,post_near,gc_heap_goal_bytes,4194304.0,4194304.0,0.0,0.16670649303330315,0.0
go,3,post_near,gc_heap_allocs_bytes,3895312.0,4024584.0,129272.0,0.16670649303330315,775446.7006523566
go,3,post_near,sched_goroutines_goroutines,24.0,24.0,0.0,0.16670649303330315,0.0
go,3,post_mid,cache,1.0,1.0,0.0,0.3333994028303358,0.0
go,3,post_mid,applies,100.0,100.0,0.0,0.3333994028303358,0.0
go,3,post_mid,deletes,100.0,100.0,0.0,0.3333994028303358,0.0
go,3,post_mid,gc_cycles_total_gc_cycles,5.0,14.0,9.0,0.3333994028303358,26.994649431270954
go,3,post_mid,gc_cycles_automatic_gc_cycles,5.0,14.0,9.0,0.3333994028303358,26.994649431270954
go,3,post_mid,gc_cycles_forced_gc_cycles,0.0,0.0,0.0,0.3333994028303358,0.0
go,3,post_mid,cpu_classes_total_cpu_seconds,4440.093337,5749.763788,1309.670451,0.3333994028303358,3928.2327439155024
go,3,post_mid,cpu_classes_user_cpu_seconds,0.150608,0.168534,0.017925999999999997,0.3333994028303358,0.05376734285610701
go,3,post_mid,cpu_classes_gc_total_cpu_seconds,0.014065,0.043478,0.029413,0.3333994028303358,0.08822151374688585
go,3,post_mid,cpu_classes_scavenge_total_cpu_seconds,0.000523,0.000523,0.0,0.3333994028303358,0.0
go,3,post_mid,cpu_classes_idle_cpu_seconds,4439.928141,5749.551252,1309.6231109999999,0.3333994028303358,3928.0907520594938
go,3,post_mid,memory_classes_total_bytes,13465864.0,13465864.0,0.0,0.3333994028303358,0.0
go,3,post_mid,memory_classes_heap_objects_bytes,1516992.0,1514536.0,-2456.0,0.3333994028303358,-7366.5398892446065
go,3,post_mid,memory_classes_heap_free_bytes,278528.0,286720.0,8192.0,0.3333994028303358,24571.129793441294
go,3,post_mid,memory_classes_heap_released_bytes,4718592.0,4718592.0,0.0,0.3333994028303358,0.0
go,3,post_mid,gc_heap_goal_bytes,4194304.0,4194304.0,0.0,0.3333994028303358,0.0
go,3,post_mid,gc_heap_allocs_bytes,4024584.0,4158496.0,133912.0,0.3333994028303358,401656.3882933729
go,3,post_mid,sched_goroutines_goroutines,24.0,24.0,0.0,0.3333994028303358,0.0
go,3,post_late,cache,1.0,1.0,0.0,0.5000650624434153,0.0
go,3,post_late,applies,100.0,100.0,0.0,0.5000650624434153,0.0
go,3,post_late,deletes,100.0,100.0,0.0,0.5000650624434153,0.0
go,3,post_late,gc_cycles_total_gc_cycles,14.0,26.0,12.0,0.5000650624434153,23.99687740904286
go,3,post_late,gc_cycles_automatic_gc_cycles,14.0,26.0,12.0,0.5000650624434153,23.99687740904286
go,3,post_late,gc_cycles_forced_gc_cycles,0.0,0.0,0.0,0.5000650624434153,0.0
go,3,post_late,cpu_classes_total_cpu_seconds,5749.763788,7490.538536,1740.7747479999998,0.5000650624434153,3481.096518709456
go,3,post_late,cpu_classes_user_cpu_seconds,0.168534,0.194234,0.0257,0.5000650624434153,0.05139331245103346
go,3,post_late,cpu_classes_gc_total_cpu_seconds,0.043478,0.080663,0.037184999999999996,0.5000650624434153,0.07436032387127156
go,3,post_late,cpu_classes_scavenge_total_cpu_seconds,0.000523,0.000523,0.0,0.5000650624434153,0.0
go,3,post_late,cpu_classes_idle_cpu_seconds,5749.551252,7490.263115,1740.7118629999995,0.5000650624434153,3480.9707650731334
go,3,post_late,memory_classes_total_bytes,13465864.0,13465864.0,0.0,0.5000650624434153,0.0
go,3,post_late,memory_classes_heap_objects_bytes,1514536.0,1514536.0,0.0,0.5000650624434153,0.0
go,3,post_late,memory_classes_heap_free_bytes,286720.0,245760.0,-40960.0,0.5000650624434153,-81909.34155619962
go,3,post_late,memory_classes_heap_released_bytes,4718592.0,4718592.0,0.0,0.5000650624434153,0.0
go,3,post_late,gc_heap_goal_bytes,4194304.0,4194304.0,0.0,0.5000650624434153,0.0
go,3,post_late,gc_heap_allocs_bytes,4158496.0,4352768.0,194272.0,0.5000650624434153,388493.4473341312
go,3,post_late,sched_goroutines_goroutines,24.0,24.0,0.0,0.5000650624434153,0.0
go,4,warmup,cache,1.0,1.0,0.0,0.08338027695814769,0.0
go,4,warmup,applies,0.0,0.0,0.0,0.08338027695814769,0.0
go,4,warmup,deletes,0.0,0.0,0.0,0.08338027695814769,0.0
go,4,warmup,gc_cycles_total_gc_cycles,0.0,0.0,0.0,0.08338027695814769,0.0
go,4,warmup,gc_cycles_automatic_gc_cycles,0.0,0.0,0.0,0.08338027695814769,0.0
go,4,warmup,gc_cycles_forced_gc_cycles,0.0,0.0,0.0,0.08338027695814769,0.0
go,4,warmup,cpu_classes_total_cpu_seconds,0.0,0.0,0.0,0.08338027695814769,0.0
go,4,warmup,cpu_classes_user_cpu_seconds,0.0,0.0,0.0,0.08338027695814769,0.0
go,4,warmup,cpu_classes_gc_total_cpu_seconds,0.0,0.0,0.0,0.08338027695814769,0.0
go,4,warmup,cpu_classes_scavenge_total_cpu_seconds,0.0,0.0,0.0,0.08338027695814769,0.0
go,4,warmup,cpu_classes_idle_cpu_seconds,0.0,0.0,0.0,0.08338027695814769,0.0
go,4,warmup,memory_classes_total_bytes,12015880.0,12015880.0,0.0,0.08338027695814769,0.0
go,4,warmup,memory_classes_heap_objects_bytes,1729824.0,1753744.0,23920.0,0.08338027695814769,286878.39465928526
go,4,warmup,memory_classes_heap_free_bytes,65536.0,65536.0,0.0,0.08338027695814769,0.0
go,4,warmup,memory_classes_heap_released_bytes,4612096.0,4579328.0,-32768.0,0.08338027695814769,-392994.61689780344
go,4,warmup,gc_heap_goal_bytes,4194304.0,4194304.0,0.0,0.08338027695814769,0.0
go,4,warmup,gc_heap_allocs_bytes,1729824.0,1753744.0,23920.0,0.08338027695814769,286878.39465928526
go,4,warmup,sched_goroutines_goroutines,23.0,23.0,0.0,0.08338027695814769,0.0
go,4,idle_pre,cache,1.0,1.0,0.0,1.0001058710945978,0.0
go,4,idle_pre,applies,0.0,0.0,0.0,1.0001058710945978,0.0
go,4,idle_pre,deletes,0.0,0.0,0.0,1.0001058710945978,0.0
go,4,idle_pre,gc_cycles_total_gc_cycles,0.0,0.0,0.0,1.0001058710945978,0.0
go,4,idle_pre,gc_cycles_automatic_gc_cycles,0.0,0.0,0.0,1.0001058710945978,0.0
go,4,idle_pre,gc_cycles_forced_gc_cycles,0.0,0.0,0.0,1.0001058710945978,0.0
go,4,idle_pre,cpu_classes_total_cpu_seconds,0.0,0.0,0.0,1.0001058710945978,0.0
go,4,idle_pre,cpu_classes_user_cpu_seconds,0.0,0.0,0.0,1.0001058710945978,0.0
go,4,idle_pre,cpu_classes_gc_total_cpu_seconds,0.0,0.0,0.0,1.0001058710945978,0.0
go,4,idle_pre,cpu_classes_scavenge_total_cpu_seconds,0.0,0.0,0.0,1.0001058710945978,0.0
go,4,idle_pre,cpu_classes_idle_cpu_seconds,0.0,0.0,0.0,1.0001058710945978,0.0
go,4,idle_pre,memory_classes_total_bytes,12015880.0,12015880.0,0.0,1.0001058710945978,0.0
go,4,idle_pre,memory_classes_heap_objects_bytes,1753744.0,2123888.0,370144.0,1.0001058710945978,370104.8165979509
go,4,idle_pre,memory_classes_heap_free_bytes,65536.0,0.0,-65536.0,1.0001058710945978,-65529.0623664393
go,4,idle_pre,memory_classes_heap_released_bytes,4579328.0,4259840.0,-319488.0,1.0001058710945978,-319454.17903639155
go,4,idle_pre,gc_heap_goal_bytes,4194304.0,4194304.0,0.0,1.0001058710945978,0.0
go,4,idle_pre,gc_heap_allocs_bytes,1753744.0,2123888.0,370144.0,1.0001058710945978,370104.8165979509
go,4,idle_pre,sched_goroutines_goroutines,23.0,23.0,0.0,1.0001058710945978,0.0
go,4,create,cache,1.0,101.0,100.0,0.009315008057488335,10735.363768108606
go,4,create,applies,0.0,100.0,100.0,0.009315008057488335,10735.363768108606
go,4,create,deletes,0.0,0.0,0.0,0.009315008057488335,0.0
go,4,create,gc_cycles_total_gc_cycles,0.0,1.0,1.0,0.009315008057488335,107.35363768108606
go,4,create,gc_cycles_automatic_gc_cycles,0.0,1.0,1.0,0.009315008057488335,107.35363768108606
go,4,create,gc_cycles_forced_gc_cycles,0.0,0.0,0.0,0.009315008057488335,0.0
go,4,create,cpu_classes_total_cpu_seconds,0.0,3903.982447,3903.982447,0.009315008057488335,419106.71712855774
go,4,create,cpu_classes_user_cpu_seconds,0.0,0.08223,0.08223,0.009315008057488335,8.827689626515706
go,4,create,cpu_classes_gc_total_cpu_seconds,0.0,0.003528,0.003528,0.009315008057488335,0.3787436337388716
go,4,create,cpu_classes_scavenge_total_cpu_seconds,0.0,1e-06,1e-06,0.009315008057488335,0.00010735363768108606
go,4,create,cpu_classes_idle_cpu_seconds,0.0,3903.896687,3903.896687,0.009315008057488335,419097.5104805902
go,4,create,memory_classes_total_bytes,12015880.0,12876040.0,860160.0,0.009315008057488335,92341304.98776299
go,4,create,memory_classes_heap_objects_bytes,2123888.0,1897312.0,-226576.0,0.009315008057488335,-24323757.811229754
go,4,create,memory_classes_heap_free_bytes,0.0,630784.0,630784.0,0.009315008057488335,67716956.9910262
go,4,create,memory_classes_heap_released_bytes,4259840.0,3891200.0,-368640.0,0.009315008057488335,-39574844.994755566
go,4,create,gc_heap_goal_bytes,4194304.0,4194304.0,0.0,0.009315008057488335,0.0
go,4,create,gc_heap_allocs_bytes,2123888.0,3326720.0,1202832.0,0.009315008057488335,129128390.71921611
go,4,create,sched_goroutines_goroutines,23.0,24.0,1.0,0.009315008057488335,107.35363768108606
go,4,delete,cache,101.0,1.0,-100.0,0.014459096921814813,-6916.061254775007
go,4,delete,applies,100.0,100.0,0.0,0.014459096921814813,0.0
go,4,delete,deletes,0.0,100.0,100.0,0.014459096921814813,6916.061254775007
go,4,delete,gc_cycles_total_gc_cycles,1.0,1.0,0.0,0.014459096921814813,0.0
go,4,delete,gc_cycles_automatic_gc_cycles,1.0,1.0,0.0,0.014459096921814813,0.0
go,4,delete,gc_cycles_forced_gc_cycles,0.0,0.0,0.0,0.014459096921814813,0.0
go,4,delete,cpu_classes_total_cpu_seconds,3903.982447,3903.982447,0.0,0.014459096921814813,0.0
go,4,delete,cpu_classes_user_cpu_seconds,0.08223,0.08223,0.0,0.014459096921814813,0.0
go,4,delete,cpu_classes_gc_total_cpu_seconds,0.003528,0.003528,0.0,0.014459096921814813,0.0
go,4,delete,cpu_classes_scavenge_total_cpu_seconds,1e-06,1e-06,0.0,0.014459096921814813,0.0
go,4,delete,cpu_classes_idle_cpu_seconds,3903.896687,3903.896687,0.0,0.014459096921814813,0.0
go,4,delete,memory_classes_total_bytes,12876040.0,12876040.0,0.0,0.014459096921814813,0.0
go,4,delete,memory_classes_heap_objects_bytes,1897312.0,2469520.0,572208.0,0.014459096921814813,39574255.78472298
go,4,delete,memory_classes_heap_free_bytes,630784.0,180224.0,-450560.0,0.014459096921814813,-31161005.58951427
go,4,delete,memory_classes_heap_released_bytes,3891200.0,3891200.0,0.0,0.014459096921814813,0.0
go,4,delete,gc_heap_goal_bytes,4194304.0,4194304.0,0.0,0.014459096921814813,0.0
go,4,delete,gc_heap_allocs_bytes,3326720.0,3898928.0,572208.0,0.014459096921814813,39574255.78472298
go,4,delete,sched_goroutines_goroutines,24.0,24.0,0.0,0.014459096921814813,0.0
go,4,post_near,cache,1.0,1.0,0.0,0.16671528392367893,0.0
go,4,post_near,applies,100.0,100.0,0.0,0.16671528392367893,0.0
go,4,post_near,deletes,100.0,100.0,0.0,0.16671528392367893,0.0
go,4,post_near,gc_cycles_total_gc_cycles,1.0,5.0,4.0,0.16671528392367893,23.99300115657765
go,4,post_near,gc_cycles_automatic_gc_cycles,1.0,5.0,4.0,0.16671528392367893,23.99300115657765
go,4,post_near,gc_cycles_forced_gc_cycles,0.0,0.0,0.0,0.16671528392367893,0.0
go,4,post_near,cpu_classes_total_cpu_seconds,3903.982447,4440.084243,536.1017960000004,0.16671528392367893,3215.672752867841
go,4,post_near,cpu_classes_user_cpu_seconds,0.08223,0.140504,0.05827399999999999,0.16671528392367893,0.3495420373496015
go,4,post_near,cpu_classes_gc_total_cpu_seconds,0.003528,0.013993,0.010465,0.16671528392367893,0.06277168927589628
go,4,post_near,cpu_classes_scavenge_total_cpu_seconds,1e-06,0.000413,0.000412,0.16671528392367893,0.002471279119127498
go,4,post_near,cpu_classes_idle_cpu_seconds,3903.896687,4439.929684,536.0329969999998,0.16671528392367893,3215.260079246195
go,4,post_near,memory_classes_total_bytes,12876040.0,13465864.0,589824.0,0.16671528392367893,3537911.978544314
go,4,post_near,memory_classes_heap_objects_bytes,2469520.0,1521200.0,-948320.0,0.16671528392367893,-5688260.71420143
go,4,post_near,memory_classes_heap_free_bytes,180224.0,253952.0,73728.0,0.16671528392367893,442238.99731803924
go,4,post_near,memory_classes_heap_released_bytes,3891200.0,4677632.0,786432.0,0.16671528392367893,4717215.971392419
go,4,post_near,gc_heap_goal_bytes,4194304.0,4194304.0,0.0,0.16671528392367893,0.0
go,4,post_near,gc_heap_allocs_bytes,3898928.0,4032248.0,133320.0,0.16671528392367893,799686.728548733
go,4,post_near,sched_goroutines_goroutines,24.0,24.0,0.0,0.16671528392367893,0.0
go,4,post_mid,cache,1.0,1.0,0.0,0.3334053616391288,0.0
go,4,post_mid,applies,100.0,100.0,0.0,0.3334053616391288,0.0
go,4,post_mid,deletes,100.0,100.0,0.0,0.3334053616391288,0.0
go,4,post_mid,gc_cycles_total_gc_cycles,5.0,14.0,9.0,0.3334053616391288,26.994166967660878
go,4,post_mid,gc_cycles_automatic_gc_cycles,5.0,14.0,9.0,0.3334053616391288,26.994166967660878
go,4,post_mid,gc_cycles_forced_gc_cycles,0.0,0.0,0.0,0.3334053616391288,0.0
go,4,post_mid,cpu_classes_total_cpu_seconds,4440.084243,5749.638159,1309.5539159999998,0.3334053616391288,3927.813006850905
go,4,post_mid,cpu_classes_user_cpu_seconds,0.140504,0.15736,0.01685600000000001,0.3334053616391288,0.05055707537854356
go,4,post_mid,cpu_classes_gc_total_cpu_seconds,0.013993,0.045712,0.031719000000000004,0.3334053616391288,0.09513644244969283
go,4,post_mid,cpu_classes_scavenge_total_cpu_seconds,0.000413,0.000413,0.0,0.3334053616391288,0.0
go,4,post_mid,cpu_classes_idle_cpu_seconds,4439.929684,5749.434675,1309.5049910000007,0.3334053616391288,3927.666263559919
go,4,post_mid,memory_classes_total_bytes,13465864.0,13465864.0,0.0,0.3334053616391288,0.0
go,4,post_mid,memory_classes_heap_objects_bytes,1521200.0,1518744.0,-2456.0,0.3334053616391288,-7366.408230286123
go,4,post_mid,memory_classes_heap_free_bytes,253952.0,294912.0,40960.0,0.3334053616391288,122853.45322170995
go,4,post_mid,memory_classes_heap_released_bytes,4677632.0,4677632.0,0.0,0.3334053616391288,0.0
go,4,post_mid,gc_heap_goal_bytes,4194304.0,4194304.0,0.0,0.3334053616391288,0.0
go,4,post_mid,gc_heap_allocs_bytes,4032248.0,4166888.0,134640.0,0.3334053616391288,403832.73783620674
go,4,post_mid,sched_goroutines_goroutines,24.0,24.0,0.0,0.3334053616391288,0.0
go,4,post_late,cache,1.0,1.0,0.0,0.500054368906551,0.0
go,4,post_late,applies,100.0,100.0,0.0,0.500054368906551,0.0
go,4,post_late,deletes,100.0,100.0,0.0,0.500054368906551,0.0
go,4,post_late,gc_cycles_total_gc_cycles,14.0,26.0,12.0,0.500054368906551,23.997390576228586
go,4,post_late,gc_cycles_automatic_gc_cycles,14.0,26.0,12.0,0.500054368906551,23.997390576228586
go,4,post_late,gc_cycles_forced_gc_cycles,0.0,0.0,0.0,0.500054368906551,0.0
go,4,post_late,cpu_classes_total_cpu_seconds,5749.638159,7489.366116,1739.727957,0.500054368906551,3479.077606709435
go,4,post_late,cpu_classes_user_cpu_seconds,0.15736,0.182665,0.025304999999999994,0.500054368906551,0.05060449737762202
go,4,post_late,cpu_classes_gc_total_cpu_seconds,0.045712,0.079946,0.034234,0.500054368906551,0.06846055574888413
go,4,post_late,cpu_classes_scavenge_total_cpu_seconds,0.000413,0.000413,0.0,0.500054368906551,0.0
go,4,post_late,cpu_classes_idle_cpu_seconds,5749.434675,7489.103093,1739.6684179999993,0.500054368906551,3478.9585416563064
go,4,post_late,memory_classes_total_bytes,13465864.0,13465864.0,0.0,0.500054368906551,0.0
go,4,post_late,memory_classes_heap_objects_bytes,1518744.0,1518744.0,0.0,0.500054368906551,0.0
go,4,post_late,memory_classes_heap_free_bytes,294912.0,253952.0,-40960.0,0.500054368906551,-81911.09316686024
go,4,post_late,memory_classes_heap_released_bytes,4677632.0,4677632.0,0.0,0.500054368906551,0.0
go,4,post_late,gc_heap_goal_bytes,4194304.0,4194304.0,0.0,0.500054368906551,0.0
go,4,post_late,gc_heap_allocs_bytes,4166888.0,4363144.0,196256.0,0.500054368906551,392469.3237440265
go,4,post_late,sched_goroutines_goroutines,24.0,24.0,0.0,0.500054368906551,0.0
rs,1,warmup,cache,1.0,1.0,0.0,0.08339772780736288,0.0
rs,1,warmup,applies,0.0,0.0,0.0,0.08339772780736288,0.0
rs,1,warmup,deletes,0.0,0.0,0.0,0.08339772780736288,0.0
rs,1,warmup,malloc_arena_bytes,405504.0,405504.0,0.0,0.08339772780736288,0.0
rs,1,warmup,malloc_mmap_bytes,0.0,0.0,0.0,0.08339772780736288,0.0
rs,1,warmup,malloc_in_use_bytes,167728.0,170624.0,2896.0,0.08339772780736288,34725.166693861924
rs,1,warmup,malloc_free_bytes,237776.0,234880.0,-2896.0,0.08339772780736288,-34725.166693861924
rs,1,warmup,malloc_releasable_bytes,116592.0,116592.0,0.0,0.08339772780736288,0.0
rs,1,warmup,tokio_alive_tasks,3.0,3.0,0.0,0.08339772780736288,0.0
rs,1,warmup,tokio_global_queue,0.0,0.0,0.0,0.08339772780736288,0.0
rs,1,idle_pre,cache,1.0,1.0,0.0,1.0000625030199686,0.0
rs,1,idle_pre,applies,0.0,0.0,0.0,1.0000625030199686,0.0
rs,1,idle_pre,deletes,0.0,0.0,0.0,1.0000625030199686,0.0
rs,1,idle_pre,malloc_arena_bytes,405504.0,405504.0,0.0,1.0000625030199686,0.0
rs,1,idle_pre,malloc_mmap_bytes,0.0,0.0,0.0,1.0000625030199686,0.0
rs,1,idle_pre,malloc_in_use_bytes,170624.0,191856.0,21232.0,1.0000625030199686,21230.67301882036
rs,1,idle_pre,malloc_free_bytes,234880.0,213648.0,-21232.0,1.0000625030199686,-21230.67301882036
rs,1,idle_pre,malloc_releasable_bytes,116592.0,114528.0,-2064.0,1.0000625030199686,-2063.87100182956
rs,1,idle_pre,tokio_alive_tasks,3.0,3.0,0.0,1.0000625030199686,0.0
rs,1,idle_pre,tokio_global_queue,0.0,0.0,0.0,1.0000625030199686,0.0
rs,1,create,cache,1.0,101.0,100.0,0.009167215029398601,10908.438351157594
rs,1,create,applies,0.0,100.0,100.0,0.009167215029398601,10908.438351157594
rs,1,create,deletes,0.0,0.0,0.0,0.009167215029398601,0.0
rs,1,create,malloc_arena_bytes,405504.0,942080.0,536576.0,0.009167215029398601,58532062.16710738
rs,1,create,malloc_mmap_bytes,0.0,0.0,0.0,0.009167215029398601,0.0
rs,1,create,malloc_in_use_bytes,191856.0,816464.0,624608.0,0.009167215029398601,68134978.61639844
rs,1,create,malloc_free_bytes,213648.0,125616.0,-88032.0,0.009167215029398601,-9602916.449291054
rs,1,create,malloc_releasable_bytes,114528.0,28656.0,-85872.0,0.009167215029398601,-9367294.18090605
rs,1,create,tokio_alive_tasks,3.0,3.0,0.0,0.009167215029398601,0.0
rs,1,create,tokio_global_queue,0.0,0.0,0.0,0.009167215029398601,0.0
rs,1,delete,cache,101.0,1.0,-100.0,0.01426147586769528,-7011.897010359031
rs,1,delete,applies,100.0,100.0,0.0,0.01426147586769528,0.0
rs,1,delete,deletes,0.0,100.0,100.0,0.01426147586769528,7011.897010359031
rs,1,delete,malloc_arena_bytes,942080.0,942080.0,0.0,0.01426147586769528,0.0
rs,1,delete,malloc_mmap_bytes,0.0,0.0,0.0,0.01426147586769528,0.0
rs,1,delete,malloc_in_use_bytes,816464.0,221120.0,-595344.0,0.01426147586769528,-41744908.13735187
rs,1,delete,malloc_free_bytes,125616.0,720960.0,595344.0,0.01426147586769528,41744908.13735187
rs,1,delete,malloc_releasable_bytes,28656.0,29152.0,496.0,0.01426147586769528,34779.00917138079
rs,1,delete,tokio_alive_tasks,3.0,3.0,0.0,0.01426147586769528,0.0
rs,1,delete,tokio_global_queue,0.0,0.0,0.0,0.01426147586769528,0.0
rs,1,post_near,cache,1.0,1.0,0.0,0.16673593938350678,0.0
rs,1,post_near,applies,100.0,100.0,0.0,0.16673593938350678,0.0
rs,1,post_near,deletes,100.0,100.0,0.0,0.16673593938350678,0.0
rs,1,post_near,malloc_arena_bytes,942080.0,942080.0,0.0,0.16673593938350678,0.0
rs,1,post_near,malloc_mmap_bytes,0.0,0.0,0.0,0.16673593938350678,0.0
rs,1,post_near,malloc_in_use_bytes,221120.0,220304.0,-816.0,0.16673593938350678,-4893.965890120011
rs,1,post_near,malloc_free_bytes,720960.0,721776.0,816.0,0.16673593938350678,4893.965890120011
rs,1,post_near,malloc_releasable_bytes,29152.0,29424.0,272.0,0.16673593938350678,1631.321963373337
rs,1,post_near,tokio_alive_tasks,3.0,3.0,0.0,0.16673593938350678,0.0
rs,1,post_near,tokio_global_queue,0.0,0.0,0.0,0.16673593938350678,0.0
rs,1,post_mid,cache,1.0,1.0,0.0,0.3334070253372192,0.0
rs,1,post_mid,applies,100.0,100.0,0.0,0.3334070253372192,0.0
rs,1,post_mid,deletes,100.0,100.0,0.0,0.3334070253372192,0.0
rs,1,post_mid,malloc_arena_bytes,942080.0,942080.0,0.0,0.3334070253372192,0.0
rs,1,post_mid,malloc_mmap_bytes,0.0,0.0,0.0,0.3334070253372192,0.0
rs,1,post_mid,malloc_in_use_bytes,220304.0,217360.0,-2944.0,0.3334070253372192,-8830.047888230123
rs,1,post_mid,malloc_free_bytes,721776.0,724720.0,2944.0,0.3334070253372192,8830.047888230123
rs,1,post_mid,malloc_releasable_bytes,29424.0,32464.0,3040.0,0.3334070253372192,9117.984232411542
rs,1,post_mid,tokio_alive_tasks,3.0,3.0,0.0,0.3334070253372192,0.0
rs,1,post_mid,tokio_global_queue,0.0,0.0,0.0,0.3334070253372192,0.0
rs,1,post_late,cache,1.0,1.0,0.0,0.5000540310806698,0.0
rs,1,post_late,applies,100.0,100.0,0.0,0.5000540310806698,0.0
rs,1,post_late,deletes,100.0,100.0,0.0,0.5000540310806698,0.0
rs,1,post_late,malloc_arena_bytes,942080.0,942080.0,0.0,0.5000540310806698,0.0
rs,1,post_late,malloc_mmap_bytes,0.0,0.0,0.0,0.5000540310806698,0.0
rs,1,post_late,malloc_in_use_bytes,217360.0,209328.0,-8032.0,0.5000540310806698,-16062.264277006218
rs,1,post_late,malloc_free_bytes,724720.0,732752.0,8032.0,0.5000540310806698,16062.264277006218
rs,1,post_late,malloc_releasable_bytes,32464.0,32464.0,0.0,0.5000540310806698,0.0
rs,1,post_late,tokio_alive_tasks,3.0,3.0,0.0,0.5000540310806698,0.0
rs,1,post_late,tokio_global_queue,0.0,0.0,0.0,0.5000540310806698,0.0
rs,2,warmup,cache,1.0,1.0,0.0,0.08340865360365973,0.0
rs,2,warmup,applies,0.0,0.0,0.0,0.08340865360365973,0.0
rs,2,warmup,deletes,0.0,0.0,0.0,0.08340865360365973,0.0
rs,2,warmup,malloc_arena_bytes,405504.0,405504.0,0.0,0.08340865360365973,0.0
rs,2,warmup,malloc_mmap_bytes,0.0,0.0,0.0,0.08340865360365973,0.0
rs,2,warmup,malloc_in_use_bytes,167728.0,170672.0,2944.0,0.08340865360365973,35296.09786041224
rs,2,warmup,malloc_free_bytes,237776.0,234832.0,-2944.0,0.08340865360365973,-35296.09786041224
rs,2,warmup,malloc_releasable_bytes,116592.0,116592.0,0.0,0.08340865360365973,0.0
rs,2,warmup,tokio_alive_tasks,3.0,3.0,0.0,0.08340865360365973,0.0
rs,2,warmup,tokio_global_queue,0.0,0.0,0.0,0.08340865360365973,0.0
rs,2,idle_pre,cache,1.0,1.0,0.0,1.000069259736273,0.0
rs,2,idle_pre,applies,0.0,0.0,0.0,1.000069259736273,0.0
rs,2,idle_pre,deletes,0.0,0.0,0.0,1.000069259736273,0.0
rs,2,idle_pre,malloc_arena_bytes,405504.0,405504.0,0.0,1.000069259736273,0.0
rs,2,idle_pre,malloc_mmap_bytes,0.0,0.0,0.0,1.000069259736273,0.0
rs,2,idle_pre,malloc_in_use_bytes,170672.0,194272.0,23600.0,1.000069259736273,23598.365583423216
rs,2,idle_pre,malloc_free_bytes,234832.0,211232.0,-23600.0,1.000069259736273,-23598.365583423216
rs,2,idle_pre,malloc_releasable_bytes,116592.0,112272.0,-4320.0,1.000069259736273,-4319.700818660521
rs,2,idle_pre,tokio_alive_tasks,3.0,3.0,0.0,1.000069259736273,0.0
rs,2,idle_pre,tokio_global_queue,0.0,0.0,0.0,1.000069259736273,0.0
rs,2,create,cache,1.0,101.0,100.0,0.009306246373388503,10745.470943682843
rs,2,create,applies,0.0,100.0,100.0,0.009306246373388503,10745.470943682843
rs,2,create,deletes,0.0,0.0,0.0,0.009306246373388503,0.0
rs,2,create,malloc_arena_bytes,405504.0,942080.0,536576.0,0.009306246373388503,57657618.17077565
rs,2,create,malloc_mmap_bytes,0.0,0.0,0.0,0.009306246373388503,0.0
rs,2,create,malloc_in_use_bytes,194272.0,818896.0,624624.0,0.009306246373388503,67118790.42726952
rs,2,create,malloc_free_bytes,211232.0,123184.0,-88048.0,0.009306246373388503,-9461172.25649387
rs,2,create,malloc_releasable_bytes,112272.0,30512.0,-81760.0,0.009306246373388503,-8785497.043555094
rs,2,create,tokio_alive_tasks,3.0,3.0,0.0,0.009306246373388503,0.0
rs,2,create,tokio_global_queue,0.0,0.0,0.0,0.009306246373388503,0.0
rs,2,delete,cache,101.0,1.0,-100.0,0.014510184990035164,-6891.710896082633
rs,2,delete,applies,100.0,100.0,0.0,0.014510184990035164,0.0
rs,2,delete,deletes,0.0,100.0,100.0,0.014510184990035164,6891.710896082633
rs,2,delete,malloc_arena_bytes,942080.0,942080.0,0.0,0.014510184990035164,0.0
rs,2,delete,malloc_mmap_bytes,0.0,0.0,0.0,0.014510184990035164,0.0
rs,2,delete,malloc_in_use_bytes,818896.0,223664.0,-595232.0,0.014510184990035164,-41021668.60097057
rs,2,delete,malloc_free_bytes,123184.0,718416.0,595232.0,0.014510184990035164,41021668.60097057
rs,2,delete,malloc_releasable_bytes,30512.0,31008.0,496.0,0.014510184990035164,34182.88604456986
rs,2,delete,tokio_alive_tasks,3.0,3.0,0.0,0.014510184990035164,0.0
rs,2,delete,tokio_global_queue,0.0,0.0,0.0,0.014510184990035164,0.0
rs,2,post_near,cache,1.0,1.0,0.0,0.16674429694811502,0.0
rs,2,post_near,applies,100.0,100.0,0.0,0.16674429694811502,0.0
rs,2,post_near,deletes,100.0,100.0,0.0,0.16674429694811502,0.0
rs,2,post_near,malloc_arena_bytes,942080.0,942080.0,0.0,0.16674429694811502,0.0
rs,2,post_near,malloc_mmap_bytes,0.0,0.0,0.0,0.16674429694811502,0.0
rs,2,post_near,malloc_in_use_bytes,223664.0,221968.0,-1696.0,0.16674429694811502,-10171.262412217528
rs,2,post_near,malloc_free_bytes,718416.0,720112.0,1696.0,0.16674429694811502,10171.262412217528
rs,2,post_near,malloc_releasable_bytes,31008.0,31280.0,272.0,0.16674429694811502,1631.2401981858297
rs,2,post_near,tokio_alive_tasks,3.0,3.0,0.0,0.16674429694811502,0.0
rs,2,post_near,tokio_global_queue,0.0,0.0,0.0,0.16674429694811502,0.0
rs,2,post_mid,cache,1.0,1.0,0.0,0.33339581807454427,0.0
rs,2,post_mid,applies,100.0,100.0,0.0,0.33339581807454427,0.0
rs,2,post_mid,deletes,100.0,100.0,0.0,0.33339581807454427,0.0
rs,2,post_mid,malloc_arena_bytes,942080.0,942080.0,0.0,0.33339581807454427,0.0
rs,2,post_mid,malloc_mmap_bytes,0.0,0.0,0.0,0.33339581807454427,0.0
rs,2,post_mid,malloc_in_use_bytes,221968.0,219728.0,-2240.0,0.33339581807454427,-6718.740543707589
rs,2,post_mid,malloc_free_bytes,720112.0,722352.0,2240.0,0.33339581807454427,6718.740543707589
rs,2,post_mid,malloc_releasable_bytes,31280.0,34320.0,3040.0,0.33339581807454427,9118.29073788887
rs,2,post_mid,tokio_alive_tasks,3.0,3.0,0.0,0.33339581807454427,0.0
rs,2,post_mid,tokio_global_queue,0.0,0.0,0.0,0.33339581807454427,0.0
rs,2,post_late,cache,1.0,1.0,0.0,0.5000633560948902,0.0
rs,2,post_late,applies,100.0,100.0,0.0,0.5000633560948902,0.0
rs,2,post_late,deletes,100.0,100.0,0.0,0.5000633560948902,0.0
rs,2,post_late,malloc_arena_bytes,942080.0,942080.0,0.0,0.5000633560948902,0.0
rs,2,post_late,malloc_mmap_bytes,0.0,0.0,0.0,0.5000633560948902,0.0
rs,2,post_late,malloc_in_use_bytes,219728.0,211456.0,-8272.0,0.5000633560948902,-16541.903939128737
rs,2,post_late,malloc_free_bytes,722352.0,730624.0,8272.0,0.5000633560948902,16541.903939128737
rs,2,post_late,malloc_releasable_bytes,34320.0,34320.0,0.0,0.5000633560948902,0.0
rs,2,post_late,tokio_alive_tasks,3.0,3.0,0.0,0.5000633560948902,0.0
rs,2,post_late,tokio_global_queue,0.0,0.0,0.0,0.5000633560948902,0.0
rs,3,warmup,cache,1.0,1.0,0.0,0.08340320587158204,0.0
rs,3,warmup,applies,0.0,0.0,0.0,0.08340320587158204,0.0
rs,3,warmup,deletes,0.0,0.0,0.0,0.08340320587158204,0.0
rs,3,warmup,malloc_arena_bytes,405504.0,405504.0,0.0,0.08340320587158204,0.0
rs,3,warmup,malloc_mmap_bytes,0.0,0.0,0.0,0.08340320587158204,0.0
rs,3,warmup,malloc_in_use_bytes,167728.0,170528.0,2800.0,0.08340320587158204,33571.85099468753
rs,3,warmup,malloc_free_bytes,237776.0,234976.0,-2800.0,0.08340320587158204,-33571.85099468753
rs,3,warmup,malloc_releasable_bytes,116592.0,116592.0,0.0,0.08340320587158204,0.0
rs,3,warmup,tokio_alive_tasks,3.0,3.0,0.0,0.08340320587158204,0.0
rs,3,warmup,tokio_global_queue,0.0,0.0,0.0,0.08340320587158204,0.0
rs,3,idle_pre,cache,1.0,1.0,0.0,1.0000588052802615,0.0
rs,3,idle_pre,applies,0.0,0.0,0.0,1.0000588052802615,0.0
rs,3,idle_pre,deletes,0.0,0.0,0.0,1.0000588052802615,0.0
rs,3,idle_pre,malloc_arena_bytes,405504.0,405504.0,0.0,1.0000588052802615,0.0
rs,3,idle_pre,malloc_mmap_bytes,0.0,0.0,0.0,1.0000588052802615,0.0
rs,3,idle_pre,malloc_in_use_bytes,170528.0,192320.0,21792.0,1.0000588052802615,21790.718590686174
rs,3,idle_pre,malloc_free_bytes,234976.0,213184.0,-21792.0,1.0000588052802615,-21790.718590686174
rs,3,idle_pre,malloc_releasable_bytes,116592.0,110992.0,-5600.0,1.0000588052802615,-5599.670709794538
rs,3,idle_pre,tokio_alive_tasks,3.0,3.0,0.0,1.0000588052802615,0.0
rs,3,idle_pre,tokio_global_queue,0.0,0.0,0.0,1.0000588052802615,0.0
rs,3,create,cache,1.0,101.0,100.0,0.009166766934924655,10908.971582882503
rs,3,create,applies,0.0,100.0,100.0,0.009166766934924655,10908.971582882503
rs,3,create,deletes,0.0,0.0,0.0,0.009166766934924655,0.0
rs,3,create,malloc_arena_bytes,405504.0,937984.0,532480.0,0.009166766934924655,58088091.88453275
rs,3,create,malloc_mmap_bytes,0.0,0.0,0.0,0.009166766934924655,0.0
rs,3,create,malloc_in_use_bytes,192320.0,816880.0,624560.0,0.009166766934924655,68133072.91805096
rs,3,create,malloc_free_bytes,213184.0,121104.0,-92080.0,0.009166766934924655,-10044981.033518208
rs,3,create,malloc_releasable_bytes,110992.0,22736.0,-88256.0,0.009166766934924655,-9627821.960188782
rs,3,create,tokio_alive_tasks,3.0,3.0,0.0,0.009166766934924655,0.0
rs,3,create,tokio_global_queue,0.0,0.0,0.0,0.009166766934924655,0.0
rs,3,delete,cache,101.0,1.0,-100.0,0.01427794443236457,-7003.809299980516
rs,3,delete,applies,100.0,100.0,0.0,0.01427794443236457,0.0
rs,3,delete,deletes,0.0,100.0,100.0,0.01427794443236457,7003.809299980516
rs,3,delete,malloc_arena_bytes,937984.0,937984.0,0.0,0.01427794443236457,0.0
rs,3,delete,malloc_mmap_bytes,0.0,0.0,0.0,0.01427794443236457,0.0
rs,3,delete,malloc_in_use_bytes,816880.0,221440.0,-595440.0,0.01427794443236457,-41703482.09580398
rs,3,delete,malloc_free_bytes,121104.0,716544.0,595440.0,0.01427794443236457,41703482.09580398
rs,3,delete,malloc_releasable_bytes,22736.0,23232.0,496.0,0.01427794443236457,34738.89412790336
rs,3,delete,tokio_alive_tasks,3.0,3.0,0.0,0.01427794443236457,0.0
rs,3,delete,tokio_global_queue,0.0,0.0,0.0,0.01427794443236457,0.0
rs,3,post_near,cache,1.0,1.0,0.0,0.16673232277234395,0.0
rs,3,post_near,applies,100.0,100.0,0.0,0.16673232277234395,0.0
rs,3,post_near,deletes,100.0,100.0,0.0,0.16673232277234395,0.0
rs,3,post_near,malloc_arena_bytes,937984.0,937984.0,0.0,0.16673232277234395,0.0
rs,3,post_near,malloc_mmap_bytes,0.0,0.0,0.0,0.16673232277234395,0.0
rs,3,post_near,malloc_in_use_bytes,221440.0,220272.0,-1168.0,0.16673232277234395,-7005.240379184217
rs,3,post_near,malloc_free_bytes,716544.0,717712.0,1168.0,0.16673232277234395,7005.240379184217
rs,3,post_near,malloc_releasable_bytes,23232.0,23504.0,272.0,0.16673232277234395,1631.3573485771465
rs,3,post_near,tokio_alive_tasks,3.0,3.0,0.0,0.16673232277234395,0.0
rs,3,post_near,tokio_global_queue,0.0,0.0,0.0,0.16673232277234395,0.0
rs,3,post_mid,cache,1.0,1.0,0.0,0.3334057530429628,0.0
rs,3,post_mid,applies,100.0,100.0,0.0,0.3334057530429628,0.0
rs,3,post_mid,deletes,100.0,100.0,0.0,0.3334057530429628,0.0
rs,3,post_mid,malloc_arena_bytes,937984.0,937984.0,0.0,0.3334057530429628,0.0
rs,3,post_mid,malloc_mmap_bytes,0.0,0.0,0.0,0.3334057530429628,0.0
rs,3,post_mid,malloc_in_use_bytes,220272.0,218432.0,-1840.0,0.3334057530429628,-5518.800990104381
rs,3,post_mid,malloc_free_bytes,717712.0,719552.0,1840.0,0.3334057530429628,5518.800990104381
rs,3,post_mid,malloc_releasable_bytes,23504.0,26544.0,3040.0,0.3334057530429628,9118.019027128978
rs,3,post_mid,tokio_alive_tasks,3.0,3.0,0.0,0.3334057530429628,0.0
rs,3,post_mid,tokio_global_queue,0.0,0.0,0.0,0.3334057530429628,0.0
rs,3,post_late,cache,1.0,1.0,0.0,0.5000381772385704,0.0
rs,3,post_late,applies,100.0,100.0,0.0,0.5000381772385704,0.0
rs,3,post_late,deletes,100.0,100.0,0.0,0.5000381772385704,0.0
rs,3,post_late,malloc_arena_bytes,937984.0,937984.0,0.0,0.5000381772385704,0.0
rs,3,post_late,malloc_mmap_bytes,0.0,0.0,0.0,0.5000381772385704,0.0
rs,3,post_late,malloc_in_use_bytes,218432.0,210304.0,-8128.0,0.5000381772385704,-16254.758876384945
rs,3,post_late,malloc_free_bytes,719552.0,727680.0,8128.0,0.5000381772385704,16254.758876384945
rs,3,post_late,malloc_releasable_bytes,26544.0,26544.0,0.0,0.5000381772385704,0.0
rs,3,post_late,tokio_alive_tasks,3.0,3.0,0.0,0.5000381772385704,0.0
rs,3,post_late,tokio_global_queue,0.0,0.0,0.0,0.5000381772385704,0.0
rs,4,warmup,cache,1.0,1.0,0.0,0.08341112362013922,0.0
rs,4,warmup,applies,0.0,0.0,0.0,0.08341112362013922,0.0
rs,4,warmup,deletes,0.0,0.0,0.0,0.08341112362013922,0.0
rs,4,warmup,malloc_arena_bytes,405504.0,405504.0,0.0,0.08341112362013922,0.0
rs,4,warmup,malloc_mmap_bytes,0.0,0.0,0.0,0.08341112362013922,0.0
rs,4,warmup,malloc_in_use_bytes,168080.0,171424.0,3344.0,0.08341112362013922,40090.57611103331
rs,4,warmup,malloc_free_bytes,237424.0,234080.0,-3344.0,0.08341112362013922,-40090.57611103331
rs,4,warmup,malloc_releasable_bytes,116592.0,116592.0,0.0,0.08341112362013922,0.0
rs,4,warmup,tokio_alive_tasks,3.0,3.0,0.0,0.08341112362013922,0.0
rs,4,warmup,tokio_global_queue,0.0,0.0,0.0,0.08341112362013922,0.0
rs,4,idle_pre,cache,1.0,1.0,0.0,1.0000413833724129,0.0
rs,4,idle_pre,applies,0.0,0.0,0.0,1.0000413833724129,0.0
rs,4,idle_pre,deletes,0.0,0.0,0.0,1.0000413833724129,0.0
rs,4,idle_pre,malloc_arena_bytes,405504.0,405504.0,0.0,1.0000413833724129,0.0
rs,4,idle_pre,malloc_mmap_bytes,0.0,0.0,0.0,1.0000413833724129,0.0
rs,4,idle_pre,malloc_in_use_bytes,171424.0,192800.0,21376.0,1.0000413833724129,21375.115425637974
rs,4,idle_pre,malloc_free_bytes,234080.0,212704.0,-21376.0,1.0000413833724129,-21375.115425637974
rs,4,idle_pre,malloc_releasable_bytes,116592.0,112800.0,-3792.0,1.0000413833724129,-3791.8430807456584
rs,4,idle_pre,tokio_alive_tasks,3.0,3.0,0.0,1.0000413833724129,0.0
rs,4,idle_pre,tokio_global_queue,0.0,0.0,0.0,1.0000413833724129,0.0
rs,4,create,cache,1.0,101.0,100.0,0.00919604500134786,10874.239956997062
rs,4,create,applies,0.0,100.0,100.0,0.00919604500134786,10874.239956997062
rs,4,create,deletes,0.0,0.0,0.0,0.00919604500134786,0.0
rs,4,create,malloc_arena_bytes,405504.0,942080.0,536576.0,0.00919604500134786,58348561.79165656
rs,4,create,malloc_mmap_bytes,0.0,0.0,0.0,0.00919604500134786,0.0
rs,4,create,malloc_in_use_bytes,192800.0,817952.0,625152.0,0.00919604500134786,67980528.57596628
rs,4,create,malloc_free_bytes,212704.0,124128.0,-88576.0,0.00919604500134786,-9631966.784309719
rs,4,create,malloc_releasable_bytes,112800.0,31680.0,-81120.0,0.00919604500134786,-8821183.453116018
rs,4,create,tokio_alive_tasks,3.0,3.0,0.0,0.00919604500134786,0.0
rs,4,create,tokio_global_queue,0.0,0.0,0.0,0.00919604500134786,0.0
rs,4,delete,cache,101.0,1.0,-100.0,0.014398103886180454,-6945.358971606095
rs,4,delete,applies,100.0,100.0,0.0,0.014398103886180454,0.0
rs,4,delete,deletes,0.0,100.0,100.0,0.014398103886180454,6945.358971606095
rs,4,delete,malloc_arena_bytes,942080.0,942080.0,0.0,0.014398103886180454,0.0
rs,4,delete,malloc_mmap_bytes,0.0,0.0,0.0,0.014398103886180454,0.0
rs,4,delete,malloc_in_use_bytes,817952.0,222544.0,-595408.0,0.014398103886180454,-41353222.94566042
rs,4,delete,malloc_free_bytes,124128.0,719536.0,595408.0,0.014398103886180454,41353222.94566042
rs,4,delete,malloc_releasable_bytes,31680.0,32176.0,496.0,0.014398103886180454,34448.98049916623
rs,4,delete,tokio_alive_tasks,3.0,3.0,0.0,0.014398103886180454,0.0
rs,4,delete,tokio_global_queue,0.0,0.0,0.0,0.014398103886180454,0.0
rs,4,post_near,cache,1.0,1.0,0.0,0.16673586163255905,0.0
rs,4,post_near,applies,100.0,100.0,0.0,0.16673586163255905,0.0
rs,4,post_near,deletes,100.0,100.0,0.0,0.16673586163255905,0.0
rs,4,post_near,malloc_arena_bytes,942080.0,942080.0,0.0,0.16673586163255905,0.0
rs,4,post_near,malloc_mmap_bytes,0.0,0.0,0.0,0.16673586163255905,0.0
rs,4,post_near,malloc_in_use_bytes,222544.0,221472.0,-1072.0,0.16673586163255905,-6429.330736074039
rs,4,post_near,malloc_free_bytes,719536.0,720608.0,1072.0,0.16673586163255905,6429.330736074039
rs,4,post_near,malloc_releasable_bytes,32176.0,32448.0,272.0,0.16673586163255905,1631.3227240784875
rs,4,post_near,tokio_alive_tasks,3.0,3.0,0.0,0.16673586163255905,0.0
rs,4,post_near,tokio_global_queue,0.0,0.0,0.0,0.16673586163255905,0.0
rs,4,post_mid,cache,1.0,1.0,0.0,0.333410540289349,0.0
rs,4,post_mid,applies,100.0,100.0,0.0,0.333410540289349,0.0
rs,4,post_mid,deletes,100.0,100.0,0.0,0.333410540289349,0.0
rs,4,post_mid,malloc_arena_bytes,942080.0,942080.0,0.0,0.333410540289349,0.0
rs,4,post_mid,malloc_mmap_bytes,0.0,0.0,0.0,0.333410540289349,0.0
rs,4,post_mid,malloc_in_use_bytes,221472.0,219744.0,-1728.0,0.333410540289349,-5182.799555468048
rs,4,post_mid,malloc_free_bytes,720608.0,722336.0,1728.0,0.333410540289349,5182.799555468048
rs,4,post_mid,malloc_releasable_bytes,32448.0,35488.0,3040.0,0.333410540289349,9117.888106841938
rs,4,post_mid,tokio_alive_tasks,3.0,3.0,0.0,0.333410540289349,0.0
rs,4,post_mid,tokio_global_queue,0.0,0.0,0.0,0.333410540289349,0.0
rs,4,post_late,cache,1.0,1.0,0.0,0.5000655569632848,0.0
rs,4,post_late,applies,100.0,100.0,0.0,0.5000655569632848,0.0
rs,4,post_late,deletes,100.0,100.0,0.0,0.5000655569632848,0.0
rs,4,post_late,malloc_arena_bytes,942080.0,942080.0,0.0,0.5000655569632848,0.0
rs,4,post_late,malloc_mmap_bytes,0.0,0.0,0.0,0.5000655569632848,0.0
rs,4,post_late,malloc_in_use_bytes,219744.0,211632.0,-8112.0,0.5000655569632848,-16221.873086523312
rs,4,post_late,malloc_free_bytes,722336.0,730448.0,8112.0,0.5000655569632848,16221.873086523312
rs,4,post_late,malloc_releasable_bytes,35488.0,35488.0,0.0,0.5000655569632848,0.0
rs,4,post_late,tokio_alive_tasks,3.0,3.0,0.0,0.5000655569632848,0.0
rs,4,post_late,tokio_global_queue,0.0,0.0,0.0,0.5000655569632848,0.0
