section,metric,label,unit,impl,n,mean,ci_lo,ci_hi,sd,min,max
idle_pre,idle_pre.millicores,CPU,millicores,rs,4,0.00610054856806681,0.0054446921565255504,0.006756404979608069,0.0004122290455947577,0.005701024647289342,0.006479337032905624
idle_pre,idle_pre.millicores,CPU,millicores,go,4,0.014158183236826107,0.012335615164511026,0.015980751309141186,0.001145548756954796,0.012881941611647067,0.015523539817937259
idle_pre,idle_pre.cpu_ms_per_min,CPU time,ms/min,rs,4,0.36603291408400856,0.326681529391533,0.40538429877648413,0.024733742735685467,0.3420614788373605,0.38876022197433746
idle_pre,idle_pre.cpu_ms_per_min,CPU time,ms/min,go,4,0.8494909942095663,0.7401369098706614,0.9588450785484712,0.06873292541728782,0.7729164966988239,0.9314123890762355
idle_pre,idle_pre.user_pct,User-mode share of CPU,%,rs,4,75.94084226854474,59.391904186445345,92.48978035064414,10.401595274732497,61.817295980511574,84.9644981769334
idle_pre,idle_pre.user_pct,User-mode share of CPU,%,go,4,82.22073591550546,80.24648358169216,84.19498824931875,1.2408877019568196,81.10776370964459,83.91858474415065
idle_pre,idle_pre.wakeups_per_s,Thread wakeups,1/s,rs,4,0.12402053371150115,0.11432138930951523,0.13371967811348706,0.006096256695151427,0.1152709250506209,0.12832792056935602
idle_pre,idle_pre.wakeups_per_s,Thread wakeups,1/s,go,4,0.3826091768152632,0.36479506016725494,0.40042329346327143,0.011196804932751879,0.3680237313316881,0.3941013883717925
idle_pre,idle_pre.vol_cs_per_s,Voluntary context switches (main thread only),1/s,rs,4,0.028540000337092798,0.026518769174674522,0.030561231499511073,0.0012704155640592563,0.02722060398785747,0.029998083405956097
idle_pre,idle_pre.vol_cs_per_s,Voluntary context switches (main thread only),1/s,go,4,0.0002776568861245422,0.0002773777162853357,0.0002779360559637487,1.754681578922148e-07,0.00027739405403788607,0.00027775375949561364
idle_pre,idle_pre.nonvol_cs_per_s,Involuntary context switches (main thread only),1/s,rs,4,0.024443011026491483,0.018749383121634385,0.030136638931348582,0.003578647331776932,0.02166528245985718,0.029164671334598272
idle_pre,idle_pre.nonvol_cs_per_s,Involuntary context switches (main thread only),1/s,go,4,0.0,0.0,0.0,0.0,0.0,0.0
idle_pre,idle_pre.sched_wait_ms_per_min,Run-queue wait,ms/min,rs,4,0.1495793230001025,0.10825028309044213,0.19090836290976285,0.025976769270685325,0.11077681086043199,0.16557995433900288
idle_pre,idle_pre.sched_wait_ms_per_min,Run-queue wait,ms/min,go,4,0.19269287380628383,0.12472716239626896,0.2606585852162987,0.04271886323696723,0.13497077699955645,0.23721523960575225
idle_pre,idle_pre.active_pct,Sample intervals with any CPU use,%,rs,4,0.26007702262775956,0.24197156840134484,0.27818247685417424,0.011379920946835136,0.24749558043606365,0.27116246168356517
idle_pre,idle_pre.active_pct,Sample intervals with any CPU use,%,go,4,0.339451297478006,0.3197820523780833,0.3591205425779287,0.012362819044577431,0.32223733222964585,0.3515821195379206
idle_pre,idle_pre.bursts_per_min,Activity bursts,1/min,rs,4,1.4582482397887049,1.3467924035485765,1.5697040760288332,0.0700539511251592,1.3832511006074508,1.5332353740822005
idle_pre,idle_pre.bursts_per_min,Activity bursts,1/min,go,4,1.778364410061672,1.6528186244962546,1.9039101956270894,0.07890998464199706,1.6831877825434187,1.8640880431345945
idle_pre,idle_pre.pgfault_per_s,Page faults,1/s,rs,4,0.0015276922049602972,0.000762233930185508,0.0022931504797350866,0.00048111770884650486,0.001111040126146522,0.0022221284947074637
idle_pre,idle_pre.pgfault_per_s,Page faults,1/s,go,4,0.030611508277209334,0.028767547454214268,0.0324554691002044,0.001158994860462015,0.028885787446212535,0.03138369054687283
idle_pre,idle_pre.anon_mean_mib,Anonymous memory,MiB,rs,4,0.5756031634819,0.5713454303543114,0.5798608966094886,0.0026761364724001385,0.573143437868297,0.5794119298930497
idle_pre,idle_pre.anon_mean_mib,Anonymous memory,MiB,go,4,3.7264062570502543,3.7178015971766674,3.7350109169238412,0.005408334301437304,3.720708090669899,3.732723648608688
idle_pre,idle_pre.anon_slope_mib_per_h,Anonymous memory trend,MiB/h,rs,4,0.019397034558320612,0.007964200381031754,0.030829868735609472,0.0071859422861652155,0.01280820649184067,0.02896269051650915
idle_pre,idle_pre.anon_slope_mib_per_h,Anonymous memory trend,MiB/h,go,4,0.4065937520333524,0.36717809655712863,0.4460094075095762,0.02477413920567178,0.3703501503933892,0.42371884661554776
idle_pre,idle_pre.rss_mean_mib,Resident set size,MiB,rs,4,6.25529633290896,6.09376250515306,6.416830160664861,0.10152974717529892,6.164874152417453,6.393459851023866
idle_pre,idle_pre.rss_mean_mib,Resident set size,MiB,go,4,23.095090124852412,23.083528793105526,23.106651456599298,0.0072667075718955065,23.087997444643175,23.10508502103232
idle_pre,idle_pre.mem_mean_mib,memory.current,MiB,rs,4,0.8836816324219677,0.8694366820792023,0.8979265827647331,0.008953457160757662,0.8751672298541544,0.8962654173786866
idle_pre,idle_pre.mem_mean_mib,memory.current,MiB,go,4,4.2186692724127495,4.208260596481,4.229077948344499,0.006542222458673316,4.211529338563531,4.225734093863562
idle_pre,idle_pre.threads_max,OS threads,count,rs,4,2.0,2.0,2.0,0.0,2.0,2.0
idle_pre,idle_pre.threads_max,OS threads,count,go,4,6.0,6.0,6.0,0.0,6.0,6.0
idle_pre,idle_pre.threads_waking,Threads that woke,count,rs,4,2.0,2.0,2.0,0.0,2,2
idle_pre,idle_pre.threads_waking,Threads that woke,count,go,4,5.0,5.0,5.0,0.0,5,5
idle_pre,idle_pre.top_thread_share_pct,Wakeups on the busiest thread,%,rs,4,57.29492881023488,55.30660989354138,59.28324772692838,1.249729048833123,55.53145336225597,58.482142857142854
idle_pre,idle_pre.top_thread_share_pct,Wakeups on the busiest thread,%,go,4,90.77579898131367,89.43121497831478,92.12038298431256,0.8451187950967266,90.0377358490566,91.60583941605839
idle_pre,idle_pre.net_rx_pkts_per_min,Network packets received,1/min,rs,4,3.3789692950504713,3.22227375756756,3.5356648325333824,0.09848870992011999,3.28310871595192,3.4997763973615448
idle_pre,idle_pre.net_rx_pkts_per_min,Network packets received,1/min,go,4,3.6567541410335185,3.607376645764334,3.706131636302703,0.031035509282957046,3.6116705835732765,3.682723333199414
idle_pre,idle_pre.net_tx_pkts_per_min,Network packets sent,1/min,rs,4,3.491462738560535,3.3454081696023845,3.637517307518685,0.09180048331750479,3.3997674012903127,3.5997700087147315
idle_pre,idle_pre.net_tx_pkts_per_min,Network packets sent,1/min,go,4,3.569285790042254,3.5407674363646975,3.5978041437198107,0.017924798037433454,3.5450960106041842,3.583023497493416
idle_pre,idle_pre.net_rx_bytes_per_s,Network bytes received,B/s,rs,4,6.845502900714477,6.39089927098604,7.300106530442914,0.28573452528500154,6.56016556107365,7.194262576830267
idle_pre,idle_pre.net_rx_bytes_per_s,Network bytes received,B/s,go,4,7.242691657083937,7.142609402866667,7.342773911301207,0.06290525092223115,7.175478132469085,7.300049533161577
idle_pre,idle_pre.net_tx_bytes_per_s,Network bytes sent,B/s,rs,4,7.673995900495234,7.52191180171606,7.826079999274407,0.09559025693222756,7.592813862881699,7.786169204034827
idle_pre,idle_pre.net_tx_bytes_per_s,Network bytes sent,B/s,go,4,8.177970047879723,8.155908078507377,8.20003201725207,0.013866731220834417,8.161487857902685,8.194291412639593
idle_pre,idle_pre.throttled_ms,CFS throttled time,ms,rs,4,0.0,0.0,0.0,0.0,0.0,0.0
idle_pre,idle_pre.throttled_ms,CFS throttled time,ms,go,4,0.0,0.0,0.0,0.0,0.0,0.0
idle_pre,idle_pre.load1_max,Node load1 max,load,rs,4,0.6425,0.43818396418375116,0.8468160358162488,0.12841988423397158,0.46,0.75
idle_pre,idle_pre.load1_max,Node load1 max,load,go,4,0.5625,0.4607298762324293,0.6642701237675708,0.06396613687465162,0.49,0.63
post_near,post_near.millicores,CPU,millicores,rs,4,0.004884181389549977,0.004405805903616471,0.005362556875483483,0.0003006759811021404,0.00457320570293261,0.005241153998941842
post_near,post_near.millicores,CPU,millicores,go,4,0.03963450718716931,0.02865942293765592,0.0506095914366827,0.006898230200825512,0.03278892859347497,0.04566736477800165
post_near,post_near.cpu_ms_per_min,CPU time,ms/min,rs,4,0.29305088337299856,0.2643483542169882,0.3217534125290089,0.018040558866128445,0.27439234217595654,0.3144692399365105
post_near,post_near.cpu_ms_per_min,CPU time,ms/min,go,4,2.378070431230159,1.7195653762593552,3.036575486200962,0.41389381204953085,1.9673357156084983,2.740041886680099
post_near,post_near.user_pct,User-mode share of CPU,%,rs,4,66.87256990570324,29.418293350595974,104.32684646081051,23.541342900758814,32.49544626593807,84.50654403961796
post_near,post_near.user_pct,User-mode share of CPU,%,go,4,86.2136959260466,79.61334194907043,92.81404990302276,4.148556867992558,82.74163534863357,91.6611616443925
post_near,post_near.wakeups_per_s,Thread wakeups,1/s,rs,4,0.12078191482797011,0.09286121702164096,0.14870261263429926,0.017549150098258425,0.10328968343006457,0.14493283790891356
post_near,post_near.wakeups_per_s,Thread wakeups,1/s,go,4,0.5864879350606194,0.47993951365150955,0.6930363564697292,0.06696946663049014,0.5031890052964806,0.644717033697845
post_near,post_near.vol_cs_per_s,Voluntary context switches (main thread only),1/s,rs,4,0.03082033527942904,0.026228144854544215,0.035412525704313864,0.002886354761084115,0.028320209706339434,0.03498627313718936
post_near,post_near.vol_cs_per_s,Voluntary context switches (main thread only),1/s,go,4,0.0016661643782542872,0.0016659146748189998,0.0016664140816895746,1.5694747661053414e-07,0.001665935487591331,0.0016662668094942351
post_near,post_near.nonvol_cs_per_s,Involuntary context switches (main thread only),1/s,rs,4,0.021657266406392664,0.0011275619605956716,0.042186970852189656,0.012903648300312378,0.0099957758158127,0.039981472526596847
post_near,post_near.nonvol_cs_per_s,Involuntary context switches (main thread only),1/s,go,4,0.0004165667023735588,-0.0009089485445791053,0.0017420819493262228,0.0008331334047471176,0.0,0.0016662668094942351
post_near,post_near.sched_wait_ms_per_min,Run-queue wait,ms/min,rs,4,0.19645098450353624,0.08896404455522174,0.30393792445185075,0.06755935886129133,0.11780650829011209,0.26778625128040473
post_near,post_near.sched_wait_ms_per_min,Run-queue wait,ms/min,go,4,0.5924958193114205,0.29501324991606925,0.8899783887067717,0.1869783591422698,0.37001686928612443,0.7927997401988657
post_near,post_near.active_pct,Sample intervals with any CPU use,%,rs,4,0.2695316606399044,0.22729701976368483,0.311766301516124,0.026545971638101573,0.2474809969948736,0.3007784854918613
post_near,post_near.active_pct,Sample intervals with any CPU use,%,go,4,0.37732156777070036,0.3425154972048559,0.4121276383365448,0.021876851392736922,0.35599857600569595,0.4079460801702732
post_near,post_near.bursts_per_min,Activity bursts,1/min,rs,4,1.499364526699366,1.315741368675813,1.682987684722919,0.11541367569047964,1.399408614213778,1.5993724862715135
post_near,post_near.bursts_per_min,Activity bursts,1/min,go,4,1.9744131914198184,1.7740107505604001,2.1748156322792367,0.12596005082301584,1.7992103265986374,2.0994961799627365
post_near,post_near.pgfault_per_s,Page faults,1/s,rs,4,0.0016659610664823037,0.0016658827357907769,0.0016660393971738305,4.923362132426126e-08,0.001665894688608202,0.0016660130065328266
post_near,post_near.pgfault_per_s,Page faults,1/s,go,4,0.2649202191493186,0.2591803389768767,0.27066009932176055,0.003607718524476383,0.261603833697459,0.2699352231380661
post_near,post_near.anon_mean_mib,Anonymous memory,MiB,rs,4,1.1811602840306978,1.174952304670214,1.1873682633911817,0.003901935487419154,1.179206900742443,1.1870131860968711
post_near,post_near.anon_mean_mib,Anonymous memory,MiB,go,4,5.159236205504056,5.129211727905943,5.1892606831021695,0.018871450407362,5.134792742079032,5.180508956299911
post_near,post_near.anon_slope_mib_per_h,Anonymous memory trend,MiB/h,rs,4,0.015153676223581897,0.01492059757321038,0.015386754873953416,0.0001464982089073025,0.014989432500905987,0.015344933657285589
post_near,post_near.anon_slope_mib_per_h,Anonymous memory trend,MiB/h,go,4,-5.073528761241618,-6.621364901677753,-3.5256926208054833,0.9728699814180607,-5.716955203125657,-3.629851720473147
post_near,post_near.rss_mean_mib,Resident set size,MiB,rs,4,6.86085313535051,6.697801472278219,7.023904798422801,0.10248376057340693,6.769060592489384,6.999523611233674
post_near,post_near.rss_mean_mib,Resident set size,MiB,go,4,24.52376429076205,24.495437741872383,24.552090839651715,0.017804241916822366,24.502371701450695,24.543991931011536
post_near,post_near.mem_mean_mib,memory.current,MiB,rs,4,1.492083652687239,1.486854920893326,1.497312384481152,0.0032864436165387354,1.488919977461552,1.4949833999911615
post_near,post_near.mem_mean_mib,memory.current,MiB,go,4,5.686915839794254,5.63797507862306,5.735856600965447,0.0307610063929566,5.656830602607307,5.7270193267524405
post_near,post_near.threads_max,OS threads,count,rs,4,2.0,2.0,2.0,0.0,2.0,2.0
post_near,post_near.threads_max,OS threads,count,go,4,6.5,5.581435721719306,7.418564278280694,0.5773502691896257,6.0,7.0
post_near,post_near.threads_waking,Threads that woke,count,rs,4,2.0,2.0,2.0,0.0,2,2
post_near,post_near.threads_waking,Threads that woke,count,go,4,5.0,5.0,5.0,0.0,5,5
post_near,post_near.top_thread_share_pct,Wakeups on the busiest thread,%,rs,4,56.9075173434788,51.42437671683734,62.390657970120266,3.4463486025402053,52.87356321839081,61.29032258064516
post_near,post_near.top_thread_share_pct,Wakeups on the busiest thread,%,go,4,86.60557441336883,79.24399408900574,93.96715473773192,4.627014660190505,82.17054263565892,91.09947643979058
post_near,post_near.net_rx_pkts_per_min,Network packets received,1/min,rs,4,3.2986046698620655,2.9089979870369156,3.6882113526872153,0.2448816359680389,2.9987530826749254,3.5985880941109056
post_near,post_near.net_rx_pkts_per_min,Network packets received,1/min,go,4,3.5239467893341354,3.2519327784584053,3.7959608002098655,0.17097046566670654,3.2985522654308355,3.6989390455569104
post_near,post_near.net_tx_pkts_per_min,Network packets sent,1/min,rs,4,3.398561314640595,2.987913728491645,3.8092089007895447,0.2581065909170017,3.0987115187640897,3.698548874502875
post_near,post_near.net_tx_pkts_per_min,Network packets sent,1/min,go,4,3.4989527871917216,3.208266433317451,3.7896391410659924,0.1827066963383222,3.2985522654308355,3.6989390455569104
post_near,post_near.net_rx_bytes_per_s,Network bytes received,B/s,rs,4,6.745896446640067,6.064028931400418,7.427763961879717,0.428577947982181,6.320705108704815,7.330457228744438
post_near,post_near.net_rx_bytes_per_s,Network bytes received,B/s,go,4,7.040396610915726,6.469573181076584,7.611220040754868,0.35878279688192444,6.563785821109843,7.434534243817538
post_near,post_near.net_tx_bytes_per_s,Network bytes sent,B/s,rs,4,7.5884537637322955,7.212591954418848,7.964315573045743,0.23624249485446103,7.336949208944651,7.883573546913336
post_near,post_near.net_tx_bytes_per_s,Network bytes sent,B/s,go,4,8.125892109611213,7.844990057092336,8.406794162130089,0.17655691547383814,7.909861695083639,8.317614286225268
post_near,post_near.throttled_ms,CFS throttled time,ms,rs,4,0.0,0.0,0.0,0.0,0.0,0.0
post_near,post_near.throttled_ms,CFS throttled time,ms,go,4,0.0,0.0,0.0,0.0,0.0,0.0
post_near,post_near.load1_max,Node load1 max,load,rs,4,0.375,0.24348161028459436,0.5065183897154056,0.08266397845091493,0.28,0.47
post_near,post_near.load1_max,Node load1 max,load,go,4,0.325,0.20488213413484238,0.44511786586515767,0.0754983443527075,0.26,0.4
post_mid,post_mid.millicores,CPU,millicores,rs,4,0.006436964696685652,0.004926239023845605,0.007947690369525699,0.0009495447346574775,0.0056611926143893924,0.00767997435969452
post_mid,post_mid.millicores,CPU,millicores,go,4,0.03697456341666585,0.03366957681932918,0.04027955001400252,0.002077301443957681,0.034947703855487844,0.03919722679726452
post_mid,post_mid.cpu_ms_per_min,CPU time,ms/min,rs,4,0.3862178818011391,0.29557434143073624,0.4768614221715419,0.05697268407944866,0.33967155686336353,0.4607984615816712
post_mid,post_mid.cpu_ms_per_min,CPU time,ms/min,go,4,2.218473804999951,2.020174609159751,2.416773000840151,0.12463808663746086,2.09686223132927,2.351833607835871
post_mid,post_mid.user_pct,User-mode share of CPU,%,rs,4,76.43642073153782,50.30192892564669,102.57091253742895,16.426456194777582,53.451066961000734,89.573942125927
post_mid,post_mid.user_pct,User-mode share of CPU,%,go,4,90.20171114443718,79.9551829687791,100.44823932009527,6.44030683573733,81.24589086127547,95.56310278013629
post_mid,post_mid.wakeups_per_s,Thread wakeups,1/s,rs,4,0.13747058022410907,0.1112505802924016,0.16369058015581656,0.01648020108843964,0.12331025346235336,0.16079790100033003
post_mid,post_mid.wakeups_per_s,Thread wakeups,1/s,go,4,0.4901115352304669,0.4390225012189479,0.5412005692419859,0.0321112721631169,0.4465734340948239,0.5198864035305857
post_mid,post_mid.vol_cs_per_s,Voluntary context switches (main thread only),1/s,rs,4,0.0295770164835908,0.026070368286660373,0.03308366468052123,0.002204052920760798,0.02749412118132137,0.03249284009851229
post_mid,post_mid.vol_cs_per_s,Voluntary context switches (main thread only),1/s,go,4,0.0008331688944923706,0.0008331373527381634,0.0008332004362465778,1.982511263805796e-08,0.000833151287709272,0.0008331967905410221
post_mid,post_mid.nonvol_cs_per_s,Involuntary context switches (main thread only),1/s,rs,4,0.03186813712009537,0.01855256409813595,0.045183710142054787,0.00836931051034533,0.024162144259515184,0.043323786798016385
post_mid,post_mid.nonvol_cs_per_s,Involuntary context switches (main thread only),1/s,go,4,0.00020829202693780832,-0.0004544932027782978,0.0008710772566539144,0.00041658405387561665,0.0,0.0008331681077512333
post_mid,post_mid.sched_wait_ms_per_min,Run-queue wait,ms/min,rs,4,0.16328619822143453,0.12123488109250358,0.20533751535036548,0.026430746152690726,0.12809596040206733,0.18617605483772345
post_mid,post_mid.sched_wait_ms_per_min,Run-queue wait,ms/min,go,4,0.7963481027906728,0.36628874110918763,1.226407464472158,0.27030758119515097,0.40698695370961024,1.0296437702808459
post_mid,post_mid.active_pct,Sample intervals with any CPU use,%,rs,4,0.2697375913401191,0.2453988366697369,0.2940763460105013,0.01529777163443257,0.25647828778632703,0.2831106785809077
post_mid,post_mid.active_pct,Sample intervals with any CPU use,%,go,4,0.3442312358986746,0.3259265214825336,0.3625359503148156,0.011505163052257076,0.328159645232816,0.35549235691432635
post_mid,post_mid.bursts_per_min,Activity bursts,1/min,rs,4,1.5121770806198505,1.3929081533349803,1.6314460079047206,0.07496475630727226,1.4496900259242178,1.5996475125421434
post_mid,post_mid.bursts_per_min,Activity bursts,1/min,go,4,1.8246392108251805,1.6591011392705,1.9901772823798611,0.10404655660256476,1.6996629398125158,1.9495929772050147
post_mid,post_mid.pgfault_per_s,Page faults,1/s,rs,4,0.0,0.0,0.0,0.0,0.0,0.0
post_mid,post_mid.pgfault_per_s,Page faults,1/s,go,4,0.0,0.0,0.0,0.0,0.0,0.0
post_mid,post_mid.anon_mean_mib,Anonymous memory,MiB,rs,4,1.181640625,1.17542578125,1.18785546875,0.00390625,1.1796875,1.1875
post_mid,post_mid.anon_mean_mib,Anonymous memory,MiB,go,4,4.9248046875,4.879311635041286,4.970297739958714,0.02859399903124707,4.90234375,4.96484375
post_mid,post_mid.anon_slope_mib_per_h,Anonymous memory trend,MiB/h,rs,4,0.0,0.0,0.0,0.0,0.0,0.0
post_mid,post_mid.anon_slope_mib_per_h,Anonymous memory trend,MiB/h,go,4,0.0,0.0,0.0,0.0,0.0,0.0
post_mid,post_mid.rss_mean_mib,Resident set size,MiB,rs,4,6.861328125,6.698274816684154,7.024381433315846,0.10248479466740826,6.76953125,7.0
post_mid,post_mid.rss_mean_mib,Resident set size,MiB,go,4,24.2890625,24.242004462613707,24.336120537386293,0.029577647634376425,24.26953125,24.33203125
post_mid,post_mid.mem_mean_mib,memory.current,MiB,rs,4,1.490028981039734,1.4783074614371163,1.5017505006423517,0.007367391327855295,1.4844966060847262,1.500742025214355
post_mid,post_mid.mem_mean_mib,memory.current,MiB,go,4,5.4477405942750385,5.3934294677196855,5.502051720830392,0.034136471750693065,5.4188986280487805,5.496191093360626
post_mid,post_mid.threads_max,OS threads,count,rs,4,2.0,2.0,2.0,0.0,2.0,2.0
post_mid,post_mid.threads_max,OS threads,count,go,4,6.5,5.581435721719306,7.418564278280694,0.5773502691896257,6.0,7.0
post_mid,post_mid.threads_waking,Threads that woke,count,rs,4,2.0,2.0,2.0,0.0,2,2
post_mid,post_mid.threads_waking,Threads that woke,count,go,4,5.0,5.0,5.0,0.0,5,5
post_mid,post_mid.top_thread_share_pct,Wakeups on the busiest thread,%,rs,4,55.49245522167786,51.82291262769215,59.16199781566357,2.3064378340576455,52.84974093264249,57.432432432432435
post_mid,post_mid.top_thread_share_pct,Wakeups on the busiest thread,%,go,4,73.95351223458047,68.79901913798118,79.10800533117977,3.2397819588933356,70.3525641025641,76.88356164383562
post_mid,post_mid.net_rx_pkts_per_min,Network packets received,1/min,rs,4,3.3117948621593025,3.1354112362679922,3.488178488050613,0.1108633726532433,3.1992611683966548,3.449239948918997
post_mid,post_mid.net_rx_pkts_per_min,Network packets received,1/min,go,4,3.5368010432509935,3.3605098818657133,3.7130922046362738,0.11080525542758017,3.4492798827473337,3.6991917174291675
post_mid,post_mid.net_tx_pkts_per_min,Network packets sent,1/min,rs,4,3.4867574824538203,3.2879030204911524,3.6856119444164883,0.12498709111418482,3.3492265356652475,3.6491958879867648
post_mid,post_mid.net_tx_pkts_per_min,Network packets sent,1/min,go,4,3.536801295551623,3.4010306126555765,3.672571978447669,0.08533669572347358,3.4492798827473337,3.649202640166611
post_mid,post_mid.net_rx_bytes_per_s,Network bytes received,B/s,rs,4,6.822920375814593,6.4686129371410575,7.177227814488128,0.22269480746293832,6.7029120885448155,7.15675631913386
post_mid,post_mid.net_rx_bytes_per_s,Network bytes received,B/s,go,4,7.07964404967079,6.84141907247848,7.3178690268631,0.1497328580718478,6.9418840538770015,7.275910195565072
post_mid,post_mid.net_tx_bytes_per_s,Network bytes sent,B/s,rs,4,7.666283401528822,7.481790825605157,7.850775977452487,0.11596013571569118,7.553255664761477,7.826608715010883
post_mid,post_mid.net_tx_bytes_per_s,Network bytes sent,B/s,go,4,8.457507613421612,7.477249554273346,9.437765672569878,0.6161270013502612,8.056651320330126,9.375963483958122
post_mid,post_mid.throttled_ms,CFS throttled time,ms,rs,4,0.0,0.0,0.0,0.0,0.0,0.0
post_mid,post_mid.throttled_ms,CFS throttled time,ms,go,4,0.0,0.0,0.0,0.0,0.0,0.0
post_mid,post_mid.load1_max,Node load1 max,load,rs,4,0.4475,0.12108640332904846,0.7739135966709516,0.20516253719104435,0.23,0.72
post_mid,post_mid.load1_max,Node load1 max,load,go,4,0.3575,0.26083229240502975,0.4541677075949702,0.06075908711186061,0.3,0.41
post_late,post_late.millicores,CPU,millicores,rs,4,0.005684923424629323,0.004840509442359534,0.006529337406899111,0.0005307441749024441,0.0052087648393146085,0.006385309349897829
post_late,post_late.millicores,CPU,millicores,go,4,0.03915726930830714,0.0324081026502323,0.04590643596638198,0.004242090922737169,0.0348440550942724,0.04451921604857891
post_late,post_late.cpu_ms_per_min,CPU time,ms/min,rs,4,0.34109540547775935,0.29043056654157207,0.39176024441394663,0.03184465049414663,0.31252589035887657,0.38311856099386976
post_late,post_late.cpu_ms_per_min,CPU time,ms/min,go,4,2.3494361584984285,1.9444861590139382,2.754386157982919,0.25452545536423027,2.090643305656344,2.671152962914735
post_late,post_late.user_pct,User-mode share of CPU,%,rs,4,61.97479801413313,35.94531376663978,88.00428226162649,16.360455215269234,45.94827586206897,84.56982543640898
post_late,post_late.user_pct,User-mode share of CPU,%,go,4,94.50430535097007,90.34573001816348,98.66288068377666,2.613812277062599,90.7885087523515,96.3785029137617
post_late,post_late.wakeups_per_s,Thread wakeups,1/s,rs,4,0.134151730181589,0.11993099906732464,0.14837246129585333,0.00893823451556527,0.12276813113180382,0.1444288277601862
post_late,post_late.wakeups_per_s,Thread wakeups,1/s,go,4,0.46063947246992887,0.42222419892175417,0.49905474601810357,0.024145363638073337,0.44049820222784186,0.49328155735545304
post_late,post_late.vol_cs_per_s,Voluntary context switches (main thread only),1/s,rs,4,0.03082990933490842,0.027899078818284455,0.033760739851532384,0.001842131060103058,0.028886619089836193,0.033329729483119894
post_late,post_late.vol_cs_per_s,Voluntary context switches (main thread only),1/s,go,4,0.0005554891373543421,0.000555475005029678,0.0005555032696790063,8.882667922145049e-09,0.0005554798618636227,0.0005554972492741588
post_late,post_late.nonvol_cs_per_s,Involuntary context switches (main thread only),1/s,rs,4,0.027219194467752113,0.020488647841362236,0.03394974109414199,0.004230387571583832,0.02333028935173441,0.0316632430089639
post_late,post_late.nonvol_cs_per_s,Involuntary context switches (main thread only),1/s,go,4,0.0002777451200826765,-0.00023250837154801857,0.0007879986117133715,0.0003207124397427373,0.0,0.0005554972492741588
post_late,post_late.sched_wait_ms_per_min,Run-queue wait,ms/min,rs,4,0.185555863564056,0.12051379973133557,0.25059792739677644,0.040881246909315175,0.1493719443493699,0.23464819481516705
post_late,post_late.sched_wait_ms_per_min,Run-queue wait,ms/min,go,4,0.6215470680767712,0.5075763144626699,0.7355178216908724,0.07163466600509194,0.5404025723518977,0.7015097679055414
post_late,post_late.active_pct,Sample intervals with any CPU use,%,rs,4,0.26536588666920946,0.2448977026957257,0.2858340706426932,0.012864980498732723,0.25349289630371985,0.28326940100324577
post_late,post_late.active_pct,Sample intervals with any CPU use,%,go,4,0.3642533521321618,0.34732646339123424,0.3811802408730894,0.010639150685686724,0.3490917697177682,0.37399821905609976
post_late,post_late.bursts_per_min,Activity bursts,1/min,rs,4,1.4915013980926535,1.3739275925468986,1.6090752036384084,0.07389931209664044,1.433220716380334,1.599827015189755
post_late,post_late.bursts_per_min,Activity bursts,1/min,go,4,1.8747756681770102,1.7842256659670588,1.9653256703869617,0.056913892023853836,1.7998110876482745,1.9331268011361789
post_late,post_late.pgfault_per_s,Page faults,1/s,rs,4,0.0,0.0,0.0,0.0,0.0,0.0
post_late,post_late.pgfault_per_s,Page faults,1/s,go,4,0.00013887080776413678,-0.0003030161025413464,0.00058075771806962,0.00027774161552827356,0.0,0.0005554832310565471
post_late,post_late.anon_mean_mib,Anonymous memory,MiB,rs,4,1.181640625,1.17542578125,1.18785546875,0.00390625,1.1796875,1.1875
post_late,post_late.anon_mean_mib,Anonymous memory,MiB,go,4,4.925568305763429,4.881299272399426,4.969837339127432,0.027824659562541074,4.905398223053715,4.96484375
post_late,post_late.anon_slope_mib_per_h,Anonymous memory trend,MiB/h,rs,4,0.0,0.0,0.0,0.0,0.0,0.0
post_late,post_late.anon_slope_mib_per_h,Anonymous memory trend,MiB/h,go,4,0.0019973423487063082,-0.004358201004877164,0.008352885702289781,0.0039946846974126165,0.0,0.007989369394825233
post_late,post_late.rss_mean_mib,Resident set size,MiB,rs,4,6.861226813476275,6.698201859518401,7.024251767434149,0.10246697294649483,6.76953125,7.0
post_late,post_late.rss_mean_mib,Resident set size,MiB,go,4,24.2898262915767,24.24378642579564,24.335866157357756,0.028937690622914906,24.26953125,24.33203125
post_late,post_late.mem_mean_mib,memory.current,MiB,rs,4,1.491280431838474,1.4779113371554067,1.5046495265215414,0.008402950775026652,1.4826476651388316,1.5027390951959918
post_late,post_late.mem_mean_mib,memory.current,MiB,go,4,5.445301195112639,5.386108560258992,5.504493829966285,0.03720467306954526,5.412720824213204,5.498692119323241
post_late,post_late.threads_max,OS threads,count,rs,4,2.0,2.0,2.0,0.0,2.0,2.0
post_late,post_late.threads_max,OS threads,count,go,4,6.5,5.581435721719306,7.418564278280694,0.5773502691896257,6.0,7.0
post_late,post_late.threads_waking,Threads that woke,count,rs,4,2.0,2.0,2.0,0.0,2,2
post_late,post_late.threads_waking,Threads that woke,count,go,4,5.0,5.0,5.0,0.0,5,5
post_late,post_late.top_thread_share_pct,Wakeups on the busiest thread,%,rs,4,56.77677801889987,53.50406162130151,60.04949441649823,2.0570184774345432,55.0,59.583333333333336
post_late,post_late.top_thread_share_pct,Wakeups on the busiest thread,%,go,4,82.5066858714939,78.01442804451254,86.99894369847526,2.8235435744697415,79.25,85.24590163934427
post_late,post_late.net_rx_pkts_per_min,Network packets received,1/min,rs,4,3.391291657341334,3.2329221530663848,3.5496611616162834,0.09954085749525422,3.29958569277017,3.5329513252107088
post_late,post_late.net_rx_pkts_per_min,Network packets received,1/min,go,4,3.5745724477576575,3.399377302756715,3.7497675927586,0.11011637020800914,3.4329730005143015,3.6996047401054457
post_late,post_late.net_tx_pkts_per_min,Network packets sent,1/min,rs,4,3.57460455718111,3.3941154308923234,3.7550936834698967,0.11344382544864014,3.46623143482927,3.732929702109428
post_late,post_late.net_tx_pkts_per_min,Network packets sent,1/min,go,4,3.5079140120862946,3.349561222615644,3.666266801556945,0.09953035164717192,3.399643165557852,3.6329451952386806
post_late,post_late.net_rx_bytes_per_s,Network bytes received,B/s,rs,4,7.073522382072551,6.6445539163835665,7.5024908477615355,0.26962191432368626,6.850806456049581,7.451416521442837
post_late,post_late.net_rx_bytes_per_s,Network bytes received,B/s,go,4,7.276211276648134,6.615047318483458,7.9373752348128095,0.4155650271305316,6.674854947278292,7.586411702045056
post_late,post_late.net_tx_bytes_per_s,Network bytes sent,B/s,rs,4,8.511002513648378,8.339414609456496,8.682590417840261,0.107849091258254,8.403944772040388,8.657397233240392
post_late,post_late.net_tx_bytes_per_s,Network bytes sent,B/s,go,4,8.75186701035912,7.9305077857201,9.573226234998142,0.5162534410050413,7.982495472069662,9.079585507060587
post_late,post_late.throttled_ms,CFS throttled time,ms,rs,4,0.0,0.0,0.0,0.0,0.0,0.0
post_late,post_late.throttled_ms,CFS throttled time,ms,go,4,0.0,0.0,0.0,0.0,0.0,0.0
post_late,post_late.load1_max,Node load1 max,load,rs,4,0.4425,0.20354083914121784,0.6814591608587821,0.1501943185787443,0.28,0.58
post_late,post_late.load1_max,Node load1 max,load,go,4,0.4625,0.3482319329019112,0.5767680670980889,0.07182153808805082,0.37,0.54
delta_post_near,delta_post_near.millicores,CPU,millicores,rs,4,-0.0012163671785168323,-0.0020244941145705886,-0.000408240242463076,0.0005079364777207771,-0.0019061313299730143,-0.0006881430756592727
delta_post_near,delta_post_near.millicores,CPU,millicores,go,4,0.025476323950343202,0.01604679955169389,0.03490584834899252,0.005926790948239669,0.01914428249652654,0.030897433390471657
delta_post_near,delta_post_near.wakeups_per_s,Thread wakeups,1/s,rs,4,-0.0032386188835310317,-0.030660532405271723,0.02418329463820966,0.017235646462439153,-0.02114681069834591,0.01688604281129638
delta_post_near,delta_post_near.wakeups_per_s,Thread wakeups,1/s,go,4,0.20387875824535617,0.10753917695004767,0.3002183395406647,0.06055284808001792,0.12267430528387319,0.25692014615288034
delta_post_near,delta_post_near.active_pct,Sample intervals with any CPU use,%,rs,4,0.009454638012144849,-0.04920375350429516,0.06811302952858486,0.03686888215992458,-0.02368146468869156,0.047240749642804725
delta_post_near,delta_post_near.active_pct,Sample intervals with any CPU use,%,go,4,0.03787027029269435,-0.013759001417492152,0.08949954200288085,0.03245083074178913,0.01503557790322918,0.08570874794062733
delta_post_near,delta_post_near.pgfault_per_s,Page faults,1/s,rs,4,0.0001382688615220064,-0.000627178076390029,0.0009037157994340418,0.0004811105832256665,-0.0005561545598880607,0.0005549225098222612
delta_post_near,delta_post_near.pgfault_per_s,Page faults,1/s,go,4,0.2343087108721093,0.22816172437644772,0.2404556973677709,0.0038635993058840903,0.23022014315058614,0.2388268020745574
delta_post_near,delta_post_near.anon_mean_mib,Anonymous memory,MiB,rs,4,0.6055571205487977,0.6030066122839332,0.6081076288136623,0.0016030850187709797,0.6041886271466927,0.6076012562038214
delta_post_near,delta_post_near.anon_mean_mib,Anonymous memory,MiB,go,4,1.4328299484538016,1.4070127214121437,1.4586471754954595,0.016227044023669323,1.411451091595754,1.4477853076912228
delta_post_near,delta_post_near.rss_mean_mib,Resident set size,MiB,rs,4,0.6055568024415499,0.6030026218358555,0.6081109830472442,0.0016053932153955316,0.6041864400719312,0.6076047084998706
delta_post_near,delta_post_near.rss_mean_mib,Resident set size,MiB,go,4,1.4286741659096363,1.403190181633254,1.4541581501860186,0.01601758911149105,1.4073185371658283,1.4428105213908786
delta_post_near,delta_post_near.mem_mean_mib,memory.current,MiB,rs,4,0.6084020202652713,0.5965880470397752,0.6202159934907675,0.0074255017130711335,0.5987179826124749,0.614407370834162
delta_post_near,delta_post_near.mem_mean_mib,memory.current,MiB,go,4,1.4682465673815042,1.4221087717785488,1.5143843629844596,0.028999242993686593,1.4444439229953554,1.5046038025708155
delta_post_near,delta_post_near.net_rx_pkts_per_min,Network packets received,1/min,rs,4,-0.08036462518840604,-0.5567744951522889,0.39604524477547687,0.2994405216617743,-0.4177694779378003,0.2821185878352104
delta_post_near,delta_post_near.net_rx_pkts_per_min,Network packets received,1/min,go,4,-0.1328073516993833,-0.3642749208781293,0.09866021747936268,0.14548558716451665,-0.31311831814244107,0.032666023537627265
delta_post_mid,delta_post_mid.millicores,CPU,millicores,rs,4,0.0003364161286188421,-0.0017996653229767805,0.0024724975802144647,0.00134260304940014,-0.0007710360796031991,0.001978949712405178
delta_post_mid,delta_post_mid.millicores,CPU,millicores,go,4,0.02281638017983974,0.017728064964861897,0.027904695394817585,0.003198186810168349,0.019424164037550585,0.026315285185617453
delta_post_mid,delta_post_mid.wakeups_per_s,Thread wakeups,1/s,rs,4,0.013450046512607939,-0.013834655197859161,0.04073474822307504,0.017149403966352672,-0.0047365416352638245,0.03636140687191955
delta_post_mid,delta_post_mid.wakeups_per_s,Thread wakeups,1/s,go,4,0.10750235841520371,0.041673902819832936,0.17333081401057449,0.04137552205868685,0.052472045723031435,0.13937564628881294
delta_post_mid,delta_post_mid.active_pct,Sample intervals with any CPU use,%,rs,4,0.00966056871235952,0.001630078978246484,0.017691058446472556,0.00504744797870084,0.0029632370856683132,0.014748113516163841
delta_post_mid,delta_post_mid.active_pct,Sample intervals with any CPU use,%,go,4,0.004779938420668595,-0.007057209694250404,0.01661708653558759,0.007440067954065995,-0.005407789695918153,0.01246961687233561
delta_post_mid,delta_post_mid.pgfault_per_s,Page faults,1/s,rs,4,-0.0015276922049602972,-0.0022931504797350866,-0.000762233930185508,0.00048111770884650486,-0.0022221284947074637,-0.001111040126146522
delta_post_mid,delta_post_mid.pgfault_per_s,Page faults,1/s,go,4,-0.030611508277209334,-0.0324554691002044,-0.028767547454214268,0.001158994860462015,-0.03138369054687283,-0.028885787446212535
delta_post_mid,delta_post_mid.anon_mean_mib,Anonymous memory,MiB,rs,4,0.6060374615181,0.6034803674227722,0.6085945556134278,0.0016072244470947748,0.6046634314195165,0.6080880701069503
delta_post_mid,delta_post_mid.anon_mean_mib,Anonymous memory,MiB,go,4,1.1983984304497457,1.1501436817190267,1.2466531791804647,0.030329823212268434,1.173526351391312,1.241502099516722
delta_post_mid,delta_post_mid.rss_mean_mib,Resident set size,MiB,rs,4,0.6060317920910399,0.6034779404939534,0.6085856436881263,0.0016051864218016396,0.6046570975825469,0.6080784025956811
delta_post_mid,delta_post_mid.rss_mean_mib,Resident set size,MiB,go,4,1.1939723751475881,1.1447019868936008,1.2432427634015755,0.03096818872029367,1.1644462289676802,1.2369780857151333
delta_post_mid,delta_post_mid.mem_mean_mib,memory.current,MiB,rs,4,0.6063473486177663,0.6029453663910096,0.609749330844523,0.0021382666415818118,0.6044766078356685,0.6093293762305718
delta_post_mid,delta_post_mid.mem_mean_mib,memory.current,MiB,go,4,1.2290713218622893,1.1722056099305496,1.285937033794029,0.03574211937884327,1.204317471687654,1.2811929603183474
delta_post_mid,delta_post_mid.net_rx_pkts_per_min,Network packets received,1/min,rs,4,-0.06717443289116876,-0.25228014608776594,0.1179312803054284,0.11634551426561733,-0.21726139221607088,0.06626438484983987
delta_post_mid,delta_post_mid.net_rx_pkts_per_min,Network packets received,1/min,go,4,-0.11995309778252505,-0.3002511147936194,0.06034491922856927,0.11332370648088896,-0.23344345045208037,0.032918695409884347
delta_post_late,delta_post_late.millicores,CPU,millicores,rs,4,-0.0004156251434374869,-0.001854672143027183,0.001023421856152209,0.0009044921430482061,-0.001223463854677983,0.0005957054518181499
delta_post_late,delta_post_late.millicores,CPU,millicores,go,4,0.024999086071481033,0.01920252102985755,0.030795651113104516,0.0036433469777646024,0.02119940899732397,0.02993661062780724
delta_post_late,delta_post_late.wakeups_per_s,Thread wakeups,1/s,rs,4,0.010131196470087856,-0.0005405731223811789,0.02080296606255689,0.006707586167485251,0.004988018583412052,0.019992333631775716
delta_post_late,delta_post_late.wakeups_per_s,Thread wakeups,1/s,go,4,0.07803029565466568,0.04833853617890993,0.10772205513042143,0.01866232525188922,0.06388226576582451,0.10548466981048832
delta_post_late,delta_post_late.active_pct,Sample intervals with any CPU use,%,rs,4,0.005288864041449855,-0.004509466410797204,0.015087194493696913,0.0061585986500610045,-0.0028603231524324535,0.012106939319680599
delta_post_late,delta_post_late.active_pct,Sample intervals with any CPU use,%,go,4,0.02480205465415583,-0.00705369331758459,0.05665780262589625,0.020022468869729994,-0.0024903498201524488,0.04453976194924675
delta_post_late,delta_post_late.pgfault_per_s,Page faults,1/s,rs,4,-0.0015276922049602972,-0.0022931504797350866,-0.000762233930185508,0.00048111770884650486,-0.0022221284947074637,-0.001111040126146522
delta_post_late,delta_post_late.pgfault_per_s,Page faults,1/s,go,4,-0.0304726374694452,-0.032241720498458,-0.028703554440432398,0.0011119315078647399,-0.03138369054687283,-0.028885787446212535
delta_post_late,delta_post_late.anon_mean_mib,Anonymous memory,MiB,rs,4,0.6060374615181,0.6034803674227722,0.6085945556134278,0.0016072244470947748,0.6046634314195165,0.6080880701069503
delta_post_late,delta_post_late.anon_mean_mib,Anonymous memory,MiB,go,4,1.1991620487131742,1.1517487447872554,1.246575352639093,0.02980094527084772,1.173526351391312,1.241502099516722
delta_post_late,delta_post_late.rss_mean_mib,Resident set size,MiB,rs,4,0.6059304805673145,0.6036443298570741,0.6082166312775549,0.0014369269077563885,0.6046570975825469,0.6076731565007796
delta_post_late,delta_post_late.rss_mean_mib,Resident set size,MiB,go,4,1.1947361667242857,1.146060208197828,1.2434121252507435,0.030594568527000456,1.1644462289676802,1.2369780857151333
delta_post_late,delta_post_late.mem_mean_mib,memory.current,MiB,rs,4,0.6075987994165063,0.6062629402952008,0.6089346585378118,0.0008396348971122251,0.6064736778173052,0.6083965013951923
delta_post_late,delta_post_late.mem_mean_mib,memory.current,MiB,go,4,1.2266319226998892,1.1653169073621104,1.287946938037668,0.0385386645743424,1.201191485649673,1.2836939862809622
delta_post_late,delta_post_late.net_rx_pkts_per_min,Network packets received,1/min,rs,4,0.012322362290862698,-0.05755840526711799,0.08220312984884338,0.04392254403392878,-0.05029509700533197,0.04993264150136856
delta_post_late,delta_post_late.net_rx_pkts_per_min,Network packets received,1/min,go,4,-0.08218169327586078,-0.22470833810896748,0.060344951557245924,0.08958305772036876,-0.17869758305897498,0.03333171808616253
churn,startup.cpu_ms,Startup CPU until first sync,ms,rs,4,0.135,-0.29457,0.56457,0.27,0.0,0.54
churn,startup.cpu_ms,Startup CPU until first sync,ms,go,4,2.59,-2.6723644002239784,7.852364400223978,3.307582903974845,0.163,7.173
churn,sync_ms,Time to first sync,ms,rs,4,31.25,20.9085,41.591499999999996,6.5,25.0,40.0
churn,sync_ms,Time to first sync,ms,go,4,101.5,99.909,103.091,1.0,101.0,103.0
churn,create.cpu_us_per_event,Net CPU per ADD event,us,rs,4,156.9977580145047,108.66294018574979,205.33257584325963,30.38014948381831,122.74006907252502,193.78838508634973
churn,create.cpu_us_per_event,Net CPU per ADD event,us,go,4,427.2280119723538,334.492169774177,519.9638541705306,58.28777008056364,368.8592743804729,495.5490643296453
churn,delete.cpu_us_per_event,Net CPU per DELETE event,us,rs,4,167.5885100105502,106.15376637561728,229.02325364548312,38.61391806092579,138.7556231868862,224.31571204673443
churn,delete.cpu_us_per_event,Net CPU per DELETE event,us,go,4,373.19907709206166,315.8338633943682,430.5642907897551,36.056073977180034,326.1614089576238,408.90870143487984
churn,create.net_rx_bytes_per_event,Bytes received per ADD event,B,rs,4,1658.0,1658.0,1658.0,0.0,1658.0,1658.0
churn,create.net_rx_bytes_per_event,Bytes received per ADD event,B,go,4,1658.7225,1656.423505,1661.0214950000002,1.44500000000005,1658.0,1660.89
churn,create.mem_max_mib,Peak memory.current during create,MiB,rs,4,1.705078125,1.493377763989996,1.916778486010004,0.13306119485229656,1.5859375,1.84765625
churn,create.mem_max_mib,Peak memory.current during create,MiB,go,4,5.8330078125,5.738567404595911,5.927448220404089,0.059359150159704034,5.75390625,5.890625
churn,churn.anon_growth_mib,anon growth during churn,MiB,rs,4,0.6021312115181,0.5995741174227722,0.6046883056134278,0.0016072244470947748,0.6007571814195165,0.6041818201069503
churn,churn.anon_growth_mib,anon growth during churn,MiB,go,4,1.3771093679497457,1.2893131701151963,1.464905565784295,0.05518302818010647,1.296189599516722,1.4160106593301012
churn,run.hwm_mib,Process RSS high-water mark,MiB,rs,4,6.861328125,6.698274816684154,7.024381433315846,0.10248479466740826,6.76953125,7.0
churn,run.hwm_mib,Process RSS high-water mark,MiB,go,4,24.888671875,24.67138922868959,25.10595452131041,0.1365698594031488,24.6875,24.9921875
churn,run.mem_peak_mib,cgroup memory.peak,MiB,rs,4,4.111328125,3.62332766064421,4.59932858935579,0.30672562184524815,3.70703125,4.4375
churn,run.mem_peak_mib,cgroup memory.peak,MiB,go,4,6.384765625,6.280462350846864,6.489068899153136,0.06555831184986513,6.3046875,6.44921875
