impl,trial,phase,tid,comm,wakeups_per_s,cpu_ms_per_min,observed_s
go,1,startup,65510,cmwatch-go,0.0,0.0,1.0654962062835693
go,1,startup,65523,cmwatch-go,6.569708985089555,2.7227314211834153,1.0654962062835693
go,1,startup,65524,cmwatch-go,0.0,0.0,1.0654962062835693
go,1,startup,65525,cmwatch-go,0.0,0.0,1.0654962062835693
go,1,startup,65526,cmwatch-go,0.0,0.0,1.0654962062835693
go,1,startup,65527,cmwatch-go,2.815589565038381,6.446123373781472,1.0654962062835693
go,1,warmup,65510,cmwatch-go,0.0033332082954263998,0.008836468519507203,300.01125383377075
go,1,warmup,65523,cmwatch-go,0.3433204544289192,0.2094917413825538,300.01125383377075
go,1,warmup,65524,cmwatch-go,0.0033332082954263998,0.008246890636212182,300.01125383377075
go,1,warmup,65525,cmwatch-go,0.0,0.0,300.01125383377075
go,1,warmup,65526,cmwatch-go,0.0033332082954263998,0.03973490943311448,300.01125383377075
go,1,warmup,65527,cmwatch-go,0.0299988746588376,0.6701816596233546,300.01125383377075
go,1,idle_pre,65510,cmwatch-go,0.0002773696377428123,0.0008234216961743321,3605.2972781658173
go,1,idle_pre,65523,cmwatch-go,0.3492083739182007,0.1905889048765418,3605.2972781658173
go,1,idle_pre,65524,cmwatch-go,0.0002773696377428123,0.0010913274818773594,3605.2972781658173
go,1,idle_pre,65525,cmwatch-go,0.0,0.0,3605.2972781658173
go,1,idle_pre,65526,cmwatch-go,0.009153198045512807,0.2029394647789566,3605.2972781658173
go,1,idle_pre,65527,cmwatch-go,0.02884644232525248,0.47942795465658755,3605.2972781658173
go,1,create,65510,cmwatch-go,0.018809533756665758,0.07695055497986987,53.16452884674072
go,1,create,65523,cmwatch-go,10.175957762356175,6.676579059380884,53.16452884674072
go,1,create,65524,cmwatch-go,0.037619067513331515,0.06798856452616892,53.16452884674072
go,1,create,65525,cmwatch-go,0.0,0.0,53.16452884674072
go,1,create,65526,cmwatch-go,1.222619694183274,23.62759883796109,53.16452884674072
go,1,create,65527,cmwatch-go,1.1097624916432796,26.34540454666076,53.16452884674072
go,1,delete,65510,cmwatch-go,0.035490358664835076,0.08728605281105534,56.35333299636841
go,1,delete,65523,cmwatch-go,8.606411976222507,7.602501169320529,56.35333299636841
go,1,delete,65524,cmwatch-go,0.017745179332417538,0.05262439402104415,56.35333299636841
go,1,delete,65525,cmwatch-go,0.0,0.0,56.35333299636841
go,1,delete,65526,cmwatch-go,1.0647107599450523,18.915553407793883,56.35333299636841
go,1,delete,65527,cmwatch-go,1.0647107599450523,17.76718087046463,56.35333299636841
go,1,post_near,65510,cmwatch-go,0.0016644701928668145,0.005022971569225758,600.7917740345001
go,1,post_near,65523,cmwatch-go,0.529301521331647,0.3011551885688936,600.7917740345001
go,1,post_near,65524,cmwatch-go,0.0016644701928668145,0.018522057859202624,600.7917740345001
go,1,post_near,65525,cmwatch-go,0.0,0.0,600.7917740345001
go,1,post_near,65526,cmwatch-go,0.07490115867900665,1.0691378406973904,600.7917740345001
go,1,post_near,65527,cmwatch-go,0.036618344243069915,1.332570109313824,600.7917740345001
go,1,post_mid,65510,cmwatch-go,0.0008329016189637416,0.005595649630619347,1200.6219909191132
go,1,post_mid,65523,cmwatch-go,0.37397282691471995,0.20512982592586237,1200.6219909191132
go,1,post_mid,65524,cmwatch-go,0.0016658032379274833,0.008249823903706344,1200.6219909191132
go,1,post_mid,65525,cmwatch-go,0.0,0.0,1200.6219909191132
go,1,post_mid,65526,cmwatch-go,0.07829275218259171,1.1909721884282345,1200.6219909191132
go,1,post_mid,65527,cmwatch-go,0.03165026152062218,0.7183213255487528,1200.6219909191132
go,1,post_late,65510,cmwatch-go,0.0011110612713541635,0.0016558257233118235,1800.0807440280914
go,1,post_late,65523,cmwatch-go,0.3999820576874989,0.3907774705849653,1800.0807440280914
go,1,post_late,65524,cmwatch-go,0.0005555306356770818,0.0012351779259771373,1800.0807440280914
go,1,post_late,65525,cmwatch-go,0.0,0.0,1800.0807440280914
go,1,post_late,65526,cmwatch-go,0.03110971559791658,1.2895656862622238,1800.0807440280914
go,1,post_late,65527,cmwatch-go,0.06055283928880192,0.9880921763653081,1800.0807440280914
go,1,done,65510,cmwatch-go,0.9419965127992977,1.5527399518727223,2.123150110244751
go,1,done,65523,cmwatch-go,16.48493897398771,5.1111129390418135,2.123150110244751
go,1,done,65524,cmwatch-go,0.4709982563996489,1.3085461958597604,2.123150110244751
go,1,done,65525,cmwatch-go,0.0,0.0,2.123150110244751
go,1,done,65526,cmwatch-go,0.0,0.0,2.123150110244751
go,1,done,65527,cmwatch-go,16.013940717588063,112.54477902763763,2.123150110244751
go,2,startup,68397,cmwatch-go,0.0,0.0,1.061445951461792
go,2,startup,68412,cmwatch-go,32.97388807390431,22.334872507969965,1.061445951461792
go,2,startup,68413,cmwatch-go,0.0,0.0,1.061445951461792
go,2,startup,68415,cmwatch-go,0.0,0.0,1.061445951461792
go,2,startup,68416,cmwatch-go,4.7105554391291875,124.25635032887267,1.061445951461792
go,2,startup,68417,cmwatch-go,2.8263332634775127,14.758999248549031,1.061445951461792
go,2,warmup,68397,cmwatch-go,0.003330199581172402,0.009689082473437857,300.2823030948639
go,2,warmup,68412,cmwatch-go,0.35966155476661943,0.20580293731288166,300.2823030948639
go,2,warmup,68413,cmwatch-go,0.006660399162344804,0.008782935167400845,300.2823030948639
go,2,warmup,68415,cmwatch-go,0.0,0.0,300.2823030948639
go,2,warmup,68416,cmwatch-go,0.003330199581172402,0.04229140335315756,300.2823030948639
go,2,warmup,68417,cmwatch-go,0.026641596649379217,0.6576021895556639,300.2823030948639
go,2,idle_pre,68397,cmwatch-go,0.00027770724654813247,0.001034537251420827,3600.914316892624
go,2,idle_pre,68412,cmwatch-go,0.36018629877292785,0.18709351589942022,3600.914316892624
go,2,idle_pre,68413,cmwatch-go,0.0005554144930962649,0.001171485802983573,3600.914316892624
go,2,idle_pre,68415,cmwatch-go,0.0,0.0,3600.914316892624
go,2,idle_pre,68416,cmwatch-go,0.00027770724654813247,0.0037578955812748124,3600.914316892624
go,2,idle_pre,68417,cmwatch-go,0.03276945509267963,0.7382765947883212,3600.914316892624
go,2,create,68397,cmwatch-go,0.030292726199972118,0.07336595358371246,33.01122498512268
go,2,create,68412,cmwatch-go,13.722604968587369,9.831777528591275,33.01122498512268
go,2,create,68413,cmwatch-go,0.030292726199972118,0.38181921469683255,33.01122498512268
go,2,create,68415,cmwatch-go,0.0,0.0,33.01122498512268
go,2,create,68416,cmwatch-go,3.120150798597128,53.69664957295169,33.01122498512268
go,2,create,68417,cmwatch-go,0.3938054405996375,3.9931744447353203,33.01122498512268
go,2,delete,68397,cmwatch-go,0.019474299441962006,0.02946033070981128,51.34972906112671
go,2,delete,68412,cmwatch-go,8.666063251673092,6.47177085597476,51.34972906112671
go,2,delete,68413,cmwatch-go,0.03894859888392401,0.05071458112076861,51.34972906112671
go,2,delete,68415,cmwatch-go,0.0,0.0,51.34972906112671
go,2,delete,68416,cmwatch-go,2.1032243397318964,40.016329541952075,51.34972906112671
go,2,delete,68417,cmwatch-go,0.03894859888392401,0.14698149606623054,51.34972906112671
go,2,delete,69479,cmwatch-go,0.0,0.0,50.290080070495605
go,2,post_near,68397,cmwatch-go,0.0016677398434887512,0.0030220446607922263,599.6139049530029
go,2,post_near,68412,cmwatch-go,0.5803734655340854,0.2675172451388907,599.6139049530029
go,2,post_near,68413,cmwatch-go,0.0016677398434887512,0.005172328350596013,599.6139049530029
go,2,post_near,68415,cmwatch-go,0.0,0.0,599.6139049530029
go,2,post_near,68416,cmwatch-go,0.04169349608721878,1.7842664607383567,599.6139049530029
go,2,post_near,68417,cmwatch-go,0.0,0.0,599.6139049530029
go,2,post_near,69479,cmwatch-go,0.011674178904421259,0.6824818714503871,599.6139049530029
go,2,post_mid,68397,cmwatch-go,0.000832571408382454,0.0030671930684809607,1201.0981760025024
go,2,post_mid,68412,cmwatch-go,0.34135427743680613,0.1989479334614377,1201.0981760025024
go,2,post_mid,68413,cmwatch-go,0.000832571408382454,0.002155577330586676,1201.0981760025024
go,2,post_mid,68415,cmwatch-go,0.0,0.0,1201.0981760025024
go,2,post_mid,68416,cmwatch-go,0.028307427885003435,0.8352475260089894,1201.0981760025024
go,2,post_mid,68417,cmwatch-go,0.0,0.0,1201.0981760025024
go,2,post_mid,69479,cmwatch-go,0.07493142675442085,1.0559283706691414,1201.0981760025024
go,2,post_late,68397,cmwatch-go,0.0005557103817256217,0.0011446522442784355,1799.4985029697418
go,2,post_late,68412,cmwatch-go,0.3923315294982889,0.21903495854512953,1799.4985029697418
go,2,post_late,68413,cmwatch-go,0.0005557103817256217,0.002346387058967727,1799.4985029697418
go,2,post_late,68415,cmwatch-go,0.0,0.0,1799.4985029697418
go,2,post_late,68416,cmwatch-go,0.03223120214008606,0.8713987132593725,1799.4985029697418
go,2,post_late,68417,cmwatch-go,0.0,0.0,1799.4985029697418
go,2,post_late,69479,cmwatch-go,0.03889972672079352,1.3296830289389987,1799.4985029697418
go,2,done,68397,cmwatch-go,0.31307731575888165,1.0122478388579312,3.194099187850952
go,2,done,68412,cmwatch-go,1.2523092630355266,0.8600922633991148,3.194099187850952
go,2,done,68413,cmwatch-go,0.6261546315177633,0.9584674175568706,3.194099187850952
go,2,done,68415,cmwatch-go,0.0,0.0,3.194099187850952
go,2,done,68416,cmwatch-go,0.0,0.0,3.194099187850952
go,2,done,68417,cmwatch-go,0.0,0.0,3.194099187850952
go,2,done,69479,cmwatch-go,0.31307731575888165,3.664939412190305,3.194099187850952
go,3,startup,77280,cmwatch-go,0.0,0.0,1.0656960010528564
go,3,startup,77294,cmwatch-go,23.458847528095443,28.91209122447651,1.0656960010528564
go,3,startup,77295,cmwatch-go,0.0,0.0,1.0656960010528564
go,3,startup,77297,cmwatch-go,0.0,0.0,1.0656960010528564
go,3,startup,77298,cmwatch-go,3.7534156044952707,77.805828226888,1.0656960010528564
go,3,warmup,77280,cmwatch-go,0.0033307306441419503,0.011941668578442135,300.2344250679016
go,3,warmup,77294,cmwatch-go,0.3896954853646082,0.19250537304950482,300.2344250679016
go,3,warmup,77295,cmwatch-go,0.006661461288283901,0.010703635998014572,300.2344250679016
go,3,warmup,77297,cmwatch-go,0.0,0.0,300.2344250679016
go,3,warmup,77298,cmwatch-go,0.0033307306441419503,0.05963619926645856,300.2344250679016
go,3,warmup,77299,cmwatch-go,0.02997657579727755,0.7040700277864289,300.2344250679016
go,3,idle_pre,77280,cmwatch-go,0.0002777200535158769,0.0006964052517953426,3600.7482619285583
go,3,idle_pre,77294,cmwatch-go,0.33132002384444115,0.16963887380253612,3600.7482619285583
go,3,idle_pre,77295,cmwatch-go,0.0005554401070317538,0.0007579757876598125,3600.7482619285583
go,3,idle_pre,77297,cmwatch-go,0.0,0.0,3600.7482619285583
go,3,idle_pre,77298,cmwatch-go,0.0002777200535158769,0.0024093825418812715,3600.7482619285583
go,3,idle_pre,77299,cmwatch-go,0.035548166850032245,0.5993183813533745,3600.7482619285583
go,3,create,77280,cmwatch-go,0.06055356033314922,0.10695272593842481,33.028611183166504
go,3,create,77294,cmwatch-go,14.956729402287857,10.734838290164161,33.028611183166504
go,3,create,77295,cmwatch-go,0.03027678016657461,0.07991616678527702,33.028611183166504
go,3,create,77297,cmwatch-go,0.0,0.0,33.028611183166504
go,3,create,77298,cmwatch-go,3.269892257990058,67.17671377992481,33.028611183166504
go,3,create,77299,cmwatch-go,0.2724910214991715,5.220617332159617,33.028611183166504
go,3,delete,77280,cmwatch-go,0.03837652635024138,0.0631347585598361,52.1151909828186
go,3,delete,77294,cmwatch-go,8.250953165301896,6.32940748713265,52.1151909828186
go,3,delete,77295,cmwatch-go,0.01918826317512069,0.049480390484420225,52.1151909828186
go,3,delete,77297,cmwatch-go,0.0,0.0,52.1151909828186
go,3,delete,77298,cmwatch-go,1.9572028438623104,31.71337740170386,52.1151909828186
go,3,delete,77299,cmwatch-go,0.01918826317512069,0.1745364418408978,52.1151909828186
go,3,post_near,77280,cmwatch-go,0.003331333195684214,0.004295121202527614,600.3602409362793
go,3,post_near,77294,cmwatch-go,0.46638664739578994,0.21284081004551794,600.3602409362793
go,3,post_near,77295,cmwatch-go,0.001665666597842107,0.003657404088877785,600.3602409362793
go,3,post_near,77297,cmwatch-go,0.0,0.0,600.3602409362793
go,3,post_near,77298,cmwatch-go,0.03831033175036846,1.1187746859327568,600.3602409362793
go,3,post_near,77299,cmwatch-go,0.051635664533105315,0.7358216115561974,600.3602409362793
go,3,post_mid,77280,cmwatch-go,0.0016670838267403702,0.0023957494965703183,1199.6997199058533
go,3,post_mid,77294,cmwatch-go,0.3659248999695112,0.1894402542811589,1199.6997199058533
go,3,post_mid,77295,cmwatch-go,0.0016670838267403702,0.0020648666986388896,1199.6997199058533
go,3,post_mid,77297,cmwatch-go,0.0,0.0,1199.6997199058533
go,3,post_mid,77298,cmwatch-go,0.029173966967956478,0.9518316800887574,1199.6997199058533
go,3,post_mid,77299,cmwatch-go,0.10919399065149424,1.2071481688048147,1199.6997199058533
go,3,post_late,77280,cmwatch-go,0.0011105696417390495,0.0017566435308207418,1800.8776080608368
go,3,post_late,77294,cmwatch-go,0.37537253890779876,0.20666323926407953,1800.8776080608368
go,3,post_late,77295,cmwatch-go,0.0005552848208695248,0.001481644276133318,1800.8776080608368
go,3,post_late,77297,cmwatch-go,0.0,0.0,1800.8776080608368
go,3,post_late,77298,cmwatch-go,0.01999025355130289,0.9043101944910099,1800.8776080608368
go,3,post_late,77299,cmwatch-go,0.04331221602782293,1.0983359952650267,1800.8776080608368
go,3,done,77280,cmwatch-go,0.9418363872122081,1.2637089725419803,2.1235110759735107
go,3,done,77294,cmwatch-go,0.9418363872122081,0.5585749061639442,2.1235110759735107
go,3,done,77295,cmwatch-go,0.47091819360610404,1.0185677976783867,2.1235110759735107
go,3,done,77297,cmwatch-go,0.0,0.0,2.1235110759735107
go,3,done,77298,cmwatch-go,0.9418363872122081,3.989392895497983,2.1235110759735107
go,3,done,77299,cmwatch-go,0.0,0.0,2.1235110759735107
go,4,startup,80187,cmwatch-go,0.0,0.0,1.0631091594696045
go,4,startup,80200,cmwatch-go,11.287646139731235,4.4231770163150825,1.0631091594696045
go,4,startup,80201,cmwatch-go,0.0,0.0,1.0631091594696045
go,4,startup,80203,cmwatch-go,0.0,0.0,1.0631091594696045
go,4,startup,80204,cmwatch-go,0.0,0.0,1.0631091594696045
go,4,startup,80205,cmwatch-go,1.8812743566218726,5.202532544032826,1.0631091594696045
go,4,warmup,80187,cmwatch-go,0.003333818781862647,0.005440192164619104,299.9563159942627
go,4,warmup,80200,cmwatch-go,0.3433833345318526,0.17058984015852072,299.9563159942627
go,4,warmup,80201,cmwatch-go,0.003333818781862647,0.006344523847387167,299.9563159942627
go,4,warmup,80203,cmwatch-go,0.0,0.0,299.9563159942627
go,4,warmup,80204,cmwatch-go,0.003333818781862647,0.04144183448445128,299.9563159942627
go,4,warmup,80205,cmwatch-go,0.046673462946077056,0.6141412271629697,299.9563159942627
go,4,idle_pre,80187,cmwatch-go,0.00027773157420389274,0.0008223631912177263,3600.59889793396
go,4,idle_pre,80200,cmwatch-go,0.34855312562588536,0.19568327935785615,3600.59889793396
go,4,idle_pre,80201,cmwatch-go,0.00027773157420389274,0.0010495254003905744,3600.59889793396
go,4,idle_pre,80203,cmwatch-go,0.0,0.0,3600.59889793396
go,4,idle_pre,80204,cmwatch-go,0.00027773157420389274,0.002930762436786578,3600.59889793396
go,4,idle_pre,80205,cmwatch-go,0.031105936310835986,0.6181440485573415,3600.59889793396
go,4,create,80187,cmwatch-go,0.03020322604682598,0.1586593586175397,33.10904598236084
go,4,create,80200,cmwatch-go,12.836371069901041,8.978632611715103,33.10904598236084
go,4,create,80201,cmwatch-go,0.03020322604682598,0.19002661699621032,33.10904598236084
go,4,create,80203,cmwatch-go,0.0,0.0,33.10904598236084
go,4,create,80204,cmwatch-go,0.12081290418730392,0.4684574725669593,33.10904598236084
go,4,create,80205,cmwatch-go,3.201541960963554,61.72528260369634,33.10904598236084
go,4,delete,80187,cmwatch-go,0.019099333868163957,0.07283034387943753,52.35784697532654
go,4,delete,80200,cmwatch-go,8.6901969100146,6.273866458924448,52.35784697532654
go,4,delete,80201,cmwatch-go,0.019099333868163957,0.054962535059092786,52.35784697532654
go,4,delete,80203,cmwatch-go,0.0,0.0,52.35784697532654
go,4,delete,80204,cmwatch-go,0.019099333868163957,0.1874939587303146,52.35784697532654
go,4,delete,80205,cmwatch-go,1.6616420465302644,30.26963352306784,52.35784697532654
go,4,delete,81246,cmwatch-go,0.4201853450996071,5.826441261875388,51.292677879333496
go,4,post_near,80187,cmwatch-go,0.0016655640854458952,0.002622663831506524,600.3971920013428
go,4,post_near,80200,cmwatch-go,0.4530334312412835,0.20801020002059017,600.3971920013428
go,4,post_near,80201,cmwatch-go,0.0016655640854458952,0.004262778097726806,600.3971920013428
go,4,post_near,80203,cmwatch-go,0.0,0.0,600.3971920013428
go,4,post_near,80204,cmwatch-go,0.0,0.0,600.3971920013428
go,4,post_near,80205,cmwatch-go,0.013324512683567161,0.27720539372480574,600.3971920013428
go,4,post_near,81246,cmwatch-go,0.0333112817089179,1.4744486346598704,600.3971920013428
go,4,post_mid,80187,cmwatch-go,0.0008335944207013202,0.004190262418316155,1199.6241519451141
go,4,post_mid,80200,cmwatch-go,0.3659479506878796,0.20976770065188993,1199.6241519451141
go,4,post_mid,80201,cmwatch-go,0.0008335944207013202,0.04470165085710403,1199.6241519451141
go,4,post_mid,80203,cmwatch-go,0.0,0.0,1199.6241519451141
go,4,post_mid,80204,cmwatch-go,0.0,0.0,1199.6241519451141
go,4,post_mid,80205,cmwatch-go,0.1233719742637954,1.582887120871236,1199.6241519451141
go,4,post_mid,81246,cmwatch-go,0.029175804724546207,0.45581191335085564,1199.6241519451141
go,4,post_late,80187,cmwatch-go,0.0005553326061747713,0.0027333359809401008,1800.722645998001
go,4,post_late,80200,cmwatch-go,0.352080872314805,0.19768746774587692,1800.722645998001
go,4,post_late,80201,cmwatch-go,0.0005553326061747713,0.005229600472304192,1800.722645998001
go,4,post_late,80203,cmwatch-go,0.0,0.0,1800.722645998001
go,4,post_late,80204,cmwatch-go,0.0,0.0,1800.722645998001
go,4,post_late,80205,cmwatch-go,0.0599759214668753,1.1484765211323364,1800.722645998001
go,4,post_late,81246,cmwatch-go,0.03109862594578719,0.7359202500980104,1800.722645998001
go,4,done,80187,cmwatch-go,0.3096393015268083,0.6458394623385862,3.2295641899108887
go,4,done,80200,cmwatch-go,1.2385572061072332,1.1416586830874338,3.2295641899108887
go,4,done,80201,cmwatch-go,0.3096393015268083,0.9572313223120362,3.2295641899108887
go,4,done,80203,cmwatch-go,0.0,0.0,3.2295641899108887
go,4,done,80204,cmwatch-go,0.0,0.0,3.2295641899108887
go,4,done,80205,cmwatch-go,0.3096393015268083,2.7341769603420225,3.2295641899108887
go,4,done,81246,cmwatch-go,0.0,0.0,3.2295641899108887
rs,1,startup,62495,cmwatch-rs,0.94455818306661,3.424155651762091,1.0586960315704346
rs,1,startup,62508,tokio-rt-worker,1.88911636613322,1.7490006052571192,1.0586960315704346
rs,1,warmup,62495,cmwatch-rs,0.03997122086913212,0.21698876889069235,300.21599888801575
rs,1,warmup,62508,tokio-rt-worker,0.06661870144855353,0.2793488698491471,300.21599888801575
rs,1,idle_pre,62495,cmwatch-rs,0.05166020606787833,0.1619636115807431,3600.4502141475677
rs,1,idle_pre,62508,tokio-rt-worker,0.07276867736443077,0.18007071378252568,3600.4502141475677
rs,1,create,62495,cmwatch-rs,7.19645748920156,19.663408334671537,32.79391288757324
rs,1,create,62508,tokio-rt-worker,8.538169902442528,16.136131172090774,32.79391288757324
rs,1,delete,62495,cmwatch-rs,4.272730677167971,9.34207827764086,51.021235942840576
rs,1,delete,62508,tokio-rt-worker,5.350713187462642,8.580427187033498,51.021235942840576
rs,1,post_near,62495,cmwatch-rs,0.0399624989198549,0.15177037764780332,600.5630440711975
rs,1,post_near,62508,tokio-rt-worker,0.06327395662310359,0.1488359313521184,600.5630440711975
rs,1,post_mid,62495,cmwatch-rs,0.07583656915706048,0.1789536856642787,1199.9487979412079
rs,1,post_mid,62508,tokio-rt-worker,0.0850036269672546,0.28197213129470355,1199.9487979412079
rs,1,post_late,62495,cmwatch-rs,0.06497371780190121,0.1714225253864811,1800.7281091213226
rs,1,post_late,62508,tokio-rt-worker,0.07941232175787927,0.1764411619892105,1800.7281091213226
rs,1,done,62495,cmwatch-rs,0.6259293403259029,2.92134993575586,3.19524884223938
rs,1,done,62508,tokio-rt-worker,0.31296467016295143,0.7922387660504953,3.19524884223938
rs,2,startup,71384,cmwatch-rs,0.0,0.0,1.0565500259399414
rs,2,startup,71397,tokio-rt-worker,0.0,0.0,1.0565500259399414
rs,2,warmup,71384,cmwatch-rs,0.03666109112922037,0.17863843208882277,300.04562497138977
rs,2,warmup,71397,tokio-rt-worker,0.0599908763932697,0.2592923659774023,300.04562497138977
rs,2,idle_pre,71384,cmwatch-rs,0.056940373177027034,0.1623722569626486,3600.257401943207
rs,2,idle_pre,71397,tokio-rt-worker,0.0711060269917996,0.18499168966100116,3600.257401943207
rs,2,create,71384,cmwatch-rs,7.491890467697976,16.92359355487661,34.036803007125854
rs,2,create,71397,tokio-rt-worker,8.255769495776985,5.055249165556972,34.036803007125854
rs,2,delete,71384,cmwatch-rs,4.526149950872568,12.70407395255085,51.920506954193115
rs,2,delete,71397,tokio-rt-worker,5.219517602921131,3.6797783998634523,51.920506954193115
rs,2,post_near,71384,cmwatch-rs,0.06832563406164135,0.14986151286064842,600.0676109790802
rs,2,post_near,71397,tokio-rt-worker,0.0766580284594025,0.13284193071166947,600.0676109790802
rs,2,post_mid,71384,cmwatch-rs,0.05247173919625426,0.17540537825108082,1200.6463091373444
rs,2,post_mid,71397,tokio-rt-worker,0.0707952036774859,0.22509086809601397,1200.6463091373444
rs,2,post_late,71384,cmwatch-rs,0.06054440102691889,0.16266573092733502,1800.3316268920898
rs,2,post_late,71397,tokio-rt-worker,0.075541637978541,0.22041125872182693,1800.3316268920898
rs,2,done,71384,cmwatch-rs,0.9414777300763049,4.971426079781424,2.1243200302124023
rs,2,done,71397,tokio-rt-worker,0.9414777300763049,1.533215312983864,2.1243200302124023
rs,3,startup,74335,cmwatch-rs,0.0,0.0,1.0570189952850342
rs,3,startup,74348,tokio-rt-worker,0.0,0.0,1.0570189952850342
rs,3,warmup,74335,cmwatch-rs,0.05655941716138239,0.17262666063052465,300.5688681602478
rs,3,warmup,74348,tokio-rt-worker,0.06986751531700178,0.24166195402936477,300.5688681602478
rs,3,idle_pre,74335,cmwatch-rs,0.048885990072764056,0.16243300146532472,3600.2134709358215
rs,3,idle_pre,74348,tokio-rt-worker,0.06638495242835574,0.22633332900345834,3600.2134709358215
rs,3,create,74335,cmwatch-rs,6.139436011630017,23.039839004978937,32.902045011520386
rs,3,create,74348,tokio-rt-worker,7.8110646286579914,7.74102338960452,32.902045011520386
rs,3,delete,74335,cmwatch-rs,5.17992627629123,14.02176311370584,51.931241035461426
rs,3,delete,74348,tokio-rt-worker,5.622819601029885,4.595423395274527,51.931241035461426
rs,3,post_near,74335,cmwatch-rs,0.051701244288142115,0.1451171538733703,599.5987219810486
rs,3,post_near,74348,tokio-rt-worker,0.06837906502625248,0.12963740106580282,599.5987219810486
rs,3,post_mid,74335,cmwatch-rs,0.05497361967579331,0.1706979867430912,1200.5758469104767
rs,3,post_mid,74348,tokio-rt-worker,0.07413109319917582,0.17295865191221346,1200.5758469104767
rs,3,post_late,74335,cmwatch-rs,0.05278292801197151,0.1772529952594998,1799.8243670463562
rs,3,post_late,74348,tokio-rt-worker,0.07000683083693063,0.14358017633914175,1799.8243670463562
rs,3,done,74335,cmwatch-rs,1.25501610995945,3.352060178573993,3.1872100830078125
rs,3,done,74348,tokio-rt-worker,0.3137540274898625,0.8310214673707493,3.1872100830078125
rs,4,startup,83137,cmwatch-rs,0.0,0.0,1.061284065246582
rs,4,startup,83149,tokio-rt-worker,0.0,0.0,1.061284065246582
rs,4,warmup,83137,cmwatch-rs,0.05328255313406729,0.19179081641884088,300.28591084480286
rs,4,warmup,83149,tokio-rt-worker,0.06993335098846332,0.2558749419306291,300.28591084480286
rs,4,idle_pre,83137,cmwatch-rs,0.05444377230455592,0.16855730239585145,3600.0444440841675
rs,4,idle_pre,83149,tokio-rt-worker,0.07388797669904017,0.21738318294542236,3600.0444440841675
rs,4,create,83137,cmwatch-rs,6.536918079602222,17.827268332544005,32.890116930007935
rs,4,create,83149,tokio-rt-worker,8.51319563855173,8.978190032841843,32.890116930007935
rs,4,delete,83137,cmwatch-rs,5.572843959235099,12.741491771568608,52.03806209564209
rs,4,delete,83149,tokio-rt-worker,5.803444398927586,13.506532943294602,52.03806209564209
rs,4,post_near,83137,cmwatch-rs,0.04995187054189761,0.15592925956488216,600.5781099796295
rs,4,post_near,83149,tokio-rt-worker,0.06493743170446689,0.1583864919805792,600.5781099796295
rs,4,post_mid,83137,cmwatch-rs,0.06250198448789816,0.17212561512567529,1199.9618990421295
rs,4,post_mid,83149,tokio-rt-worker,0.07416902159230582,0.1676471729315608,1199.9618990421295
rs,4,post_late,83137,cmwatch-rs,0.0538660743941555,0.1682960863623351,1800.7623739242554
rs,4,post_late,83149,tokio-rt-worker,0.07941081070478594,0.14413122117516944,1800.7623739242554
rs,4,done,83137,cmwatch-rs,1.4195987910254284,9.595494108178178,2.1132731437683105
rs,4,done,83149,tokio-rt-worker,0.9463991940169523,2.1598059926419073,2.1132731437683105
