impl,trial,metric,value
go,1,startup.cpu_ms,0.392
go,1,startup.duration_s,1.9069089889526367
go,1,startup.millicores,0.2055682794884221
go,1,startup.cpu_ms_per_min,12.334096769305324
go,1,startup.user_pct,66.83673469387755
go,1,startup.throttled_ms,0.0
go,1,startup.wakeups_per_s,6.817315391197671
go,1,startup.vol_cs_per_s,0.0
go,1,startup.nonvol_cs_per_s,0.0
go,1,startup.sched_wait_ms_per_min,24.3295722390411
go,1,startup.pgfault_per_s,0.0
go,1,startup.pgmajfault,0.0
go,1,startup.net_rx_pkts_per_min,283.1807931728263
go,1,startup.net_tx_pkts_per_min,62.92906514951696
go,1,startup.net_rx_bytes_per_s,533.8482360184022
go,1,startup.net_tx_bytes_per_s,81.80778469437205
go,1,startup.net_rx_bytes,1018.0
go,1,startup.active_pct,11.764705882352942
go,1,startup.bursts_per_min,31.46453257475848
go,1,startup.mem_mean_mib,4.310980902777778
go,1,startup.mem_max_mib,4.46484375
go,1,startup.anon_mean_mib,3.6875
go,1,startup.anon_max_mib,3.6875
go,1,startup.anon_slope_mib_per_h,0.0
go,1,startup.rss_mean_mib,22.93359375
go,1,startup.threads_max,7.0
go,1,startup.load1_max,0.18
go,1,warmup.duration_s,301.0362648963928
go,1,warmup.cpu_ms,5.874
go,1,warmup.millicores,0.019512599261160928
go,1,warmup.cpu_ms_per_min,1.1707559556696556
go,1,warmup.user_pct,50.35750766087845
go,1,warmup.throttled_ms,0.0
go,1,warmup.wakeups_per_s,0.388657492944472
go,1,warmup.vol_cs_per_s,0.0033218589140553163
go,1,warmup.nonvol_cs_per_s,0.0033218589140553163
go,1,warmup.sched_wait_ms_per_min,0.4821409807551036
go,1,warmup.pgfault_per_s,0.059793460452995696
go,1,warmup.pgmajfault,0.0
go,1,warmup.net_rx_pkts_per_min,8.171772928576077
go,1,warmup.net_tx_pkts_per_min,5.979346045299569
go,1,warmup.net_rx_bytes_per_s,11.201308258194526
go,1,warmup.net_tx_bytes_per_s,5.700309896518923
go,1,warmup.net_rx_bytes,3372.0
go,1,warmup.active_pct,0.3343239227340267
go,1,warmup.bursts_per_min,1.5944922787465516
go,1,warmup.mem_mean_mib,4.248447367199108
go,1,warmup.mem_max_mib,4.7109375
go,1,warmup.anon_mean_mib,3.7265595978826154
go,1,warmup.anon_max_mib,3.734375
go,1,warmup.anon_slope_mib_per_h,0.006018555615134537
go,1,warmup.rss_mean_mib,23.136213781575037
go,1,warmup.threads_max,7.0
go,1,warmup.load1_max,0.48
go,1,idle_pre.duration_s,3600.20818901062
go,1,idle_pre.cpu_ms,78.876
go,1,idle_pre.millicores,0.021908733011819535
go,1,idle_pre.cpu_ms_per_min,1.3145239807091722
go,1,idle_pre.user_pct,76.13596024139156
go,1,idle_pre.throttled_ms,0.0
go,1,idle_pre.wakeups_per_s,0.3663677017418476
go,1,idle_pre.vol_cs_per_s,0.00027776171473983894
go,1,idle_pre.nonvol_cs_per_s,0.00027776171473983894
go,1,idle_pre.sched_wait_ms_per_min,0.7320550983814857
go,1,idle_pre.pgfault_per_s,0.016110179454910657
go,1,idle_pre.pgmajfault,0.0
go,1,idle_pre.net_rx_pkts_per_min,5.483016248964421
go,1,idle_pre.net_tx_pkts_per_min,5.383022031658078
go,1,idle_pre.net_rx_bytes_per_s,7.908987065502174
go,1,idle_pre.net_tx_bytes_per_s,8.301742130144307
go,1,idle_pre.net_rx_bytes,28474.0
go,1,idle_pre.active_pct,0.35104069586828207
go,1,idle_pre.bursts_per_min,1.7665645057453756
go,1,idle_pre.mem_mean_mib,4.378737695130475
go,1,idle_pre.mem_max_mib,4.88671875
go,1,idle_pre.anon_mean_mib,3.8508695926529977
go,1,idle_pre.anon_max_mib,3.953125
go,1,idle_pre.anon_slope_mib_per_h,0.19368041465602492
go,1,idle_pre.rss_mean_mib,23.280675044656725
go,1,idle_pre.threads_max,7.0
go,1,idle_pre.load1_max,0.51
go,1,create.duration_s,33.50542092323303
go,1,create.cpu_ms,57.266
go,1,create.millicores,1.7091562625405228
go,1,create.cpu_ms_per_min,102.54937575243137
go,1,create.user_pct,56.796353857437225
go,1,create.throttled_ms,0.0
go,1,create.wakeups_per_s,23.399198648967445
go,1,create.vol_cs_per_s,0.02984591664409113
go,1,create.nonvol_cs_per_s,0.0
go,1,create.sched_wait_ms_per_min,114.21470480158769
go,1,create.pgfault_per_s,11.520523824619177
go,1,create.pgmajfault,0.0
go,1,create.net_rx_pkts_per_min,180.86625486319227
go,1,create.net_tx_pkts_per_min,180.86625486319227
go,1,create.net_rx_bytes_per_s,4296.080933583766
go,1,create.net_tx_bytes_per_s,198.2365783500533
go,1,create.net_rx_bytes,143942.0
go,1,create.active_pct,9.698996655518394
go,1,create.bursts_per_min,1.790754998645468
go,1,create.mem_mean_mib,5.643695129598663
go,1,create.mem_max_mib,5.9375
go,1,create.anon_mean_mib,5.062264841137123
go,1,create.anon_max_mib,5.11328125
go,1,create.anon_slope_mib_per_h,31.012016684807584
go,1,create.rss_mean_mib,24.558646007525084
go,1,create.threads_max,8.0
go,1,create.load1_max,0.28
go,1,delete.duration_s,52.35783815383911
go,1,delete.cpu_ms,47.696
go,1,delete.millicores,0.9109619816589527
go,1,delete.cpu_ms_per_min,54.657718899537166
go,1,delete.user_pct,39.48129822207313
go,1,delete.throttled_ms,0.0
go,1,delete.wakeups_per_s,13.407734634447015
go,1,delete.vol_cs_per_s,0.01909933708610686
go,1,delete.nonvol_cs_per_s,0.0
go,1,delete.sched_wait_ms_per_min,56.753235518799166
go,1,delete.pgfault_per_s,1.1459602251664116
go,1,delete.pgmajfault,0.0
go,1,delete.net_rx_pkts_per_min,120.32582364247321
go,1,delete.net_tx_pkts_per_min,120.32582364247321
go,1,delete.net_rx_bytes_per_s,2759.510420874891
go,1,delete.net_tx_bytes_per_s,131.4416378265874
go,1,delete.net_rx_bytes,144482.0
go,1,delete.active_pct,8.11965811965812
go,1,delete.bursts_per_min,2.291920450332823
go,1,delete.mem_mean_mib,5.948208800747863
go,1,delete.mem_max_mib,6.13671875
go,1,delete.anon_mean_mib,5.32360109508547
go,1,delete.anon_max_mib,5.3359375
go,1,delete.anon_slope_mib_per_h,4.748168208871031
go,1,delete.rss_mean_mib,24.81634782318376
go,1,delete.threads_max,8.0
go,1,delete.load1_max,0.22
go,1,post_near.duration_s,600.3466069698334
go,1,post_near.cpu_ms,46.586
go,1,post_near.millicores,0.0775985063614108
go,1,post_near.cpu_ms_per_min,4.655910381684647
go,1,post_near.user_pct,91.26776284720732
go,1,post_near.throttled_ms,0.0
go,1,post_near.wakeups_per_s,0.7762182622336631
go,1,post_near.vol_cs_per_s,0.0016657044253941269
go,1,post_near.nonvol_cs_per_s,0.0
go,1,post_near.sched_wait_ms_per_min,1.9944096728444816
go,1,post_near.pgfault_per_s,0.3114867275487017
go,1,post_near.pgmajfault,0.0
go,1,post_near.net_rx_pkts_per_min,5.097055541706028
go,1,post_near.net_tx_pkts_per_min,5.097055541706028
go,1,post_near.net_rx_bytes_per_s,7.102563669880557
go,1,post_near.net_tx_bytes_per_s,7.255808477016816
go,1,post_near.net_rx_bytes,4264.0
go,1,post_near.active_pct,0.4102946661693398
go,1,post_near.bursts_per_min,1.998845310472952
go,1,post_near.mem_mean_mib,5.873751340451324
go,1,post_near.mem_max_mib,6.75
go,1,post_near.anon_mean_mib,5.278129079634465
go,1,post_near.anon_max_mib,5.8203125
go,1,post_near.anon_slope_mib_per_h,-4.077912377801839
go,1,post_near.rss_mean_mib,24.76689770025177
go,1,post_near.threads_max,8.0
go,1,post_near.load1_max,0.23
go,1,post_mid.duration_s,1200.2404999732971
go,1,post_mid.cpu_ms,103.423
go,1,post_mid.millicores,0.08616856371893879
go,1,post_mid.cpu_ms_per_min,5.170113823136327
go,1,post_mid.user_pct,85.56607331057889
go,1,post_mid.throttled_ms,0.0
go,1,post_mid.wakeups_per_s,0.9564749731620793
go,1,post_mid.vol_cs_per_s,0.0008331663529286405
go,1,post_mid.nonvol_cs_per_s,0.0
go,1,post_mid.sched_wait_ms_per_min,2.0300939353856244
go,1,post_mid.pgfault_per_s,0.062487476469648036
go,1,post_mid.pgmajfault,0.0
go,1,post_mid.net_rx_pkts_per_min,5.598877891680464
go,1,post_mid.net_tx_pkts_per_min,5.498897929329027
go,1,post_mid.net_rx_bytes_per_s,8.140035268112818
go,1,post_mid.net_tx_bytes_per_s,8.753245703868297
go,1,post_mid.net_rx_bytes,9770.0
go,1,post_mid.active_pct,0.38256974899692076
go,1,post_mid.bursts_per_min,1.7996393223258633
go,1,post_mid.mem_mean_mib,5.646982451945507
go,1,post_mid.mem_max_mib,6.0859375
go,1,post_mid.anon_mean_mib,5.06925365365774
go,1,post_mid.anon_max_mib,5.1484375
go,1,post_mid.anon_slope_mib_per_h,-0.19532900380266263
go,1,post_mid.rss_mean_mib,24.55754146449566
go,1,post_mid.threads_max,8.0
go,1,post_mid.load1_max,0.75
go,1,post_late.duration_s,1800.2351999282837
go,1,post_late.cpu_ms,137.453
go,1,post_late.millicores,0.07635280101482059
go,1,post_late.cpu_ms_per_min,4.581168060889235
go,1,post_late.user_pct,88.76052177835332
go,1,post_late.throttled_ms,0.0
go,1,post_late.wakeups_per_s,0.7399033193290872
go,1,post_late.vol_cs_per_s,0.0005554829724692847
go,1,post_late.nonvol_cs_per_s,0.0
go,1,post_late.sched_wait_ms_per_min,2.0576840293688123
go,1,post_late.pgfault_per_s,0.018886421063955678
go,1,post_late.pgmajfault,0.0
go,1,post_late.net_rx_pkts_per_min,5.165991643964348
go,1,post_late.net_tx_pkts_per_min,5.1326626656161904
go,1,post_late.net_rx_bytes_per_s,7.52457234506893
go,1,post_late.net_tx_bytes_per_s,8.022840571373878
go,1,post_late.net_rx_bytes,13546.0
go,1,post_late.active_pct,0.34206107344984144
go,1,post_late.bursts_per_min,1.7664358524523252
go,1,post_late.mem_mean_mib,5.604010860439082
go,1,post_late.mem_max_mib,6.09375
go,1,post_late.anon_mean_mib,5.049539335079918
go,1,post_late.anon_max_mib,5.1015625
go,1,post_late.anon_slope_mib_per_h,0.041073145797250195
go,1,post_late.rss_mean_mib,24.537798477439516
go,1,post_late.threads_max,8.0
go,1,post_late.load1_max,0.42
go,1,create.cpu_us_per_event,565.3193867854425
go,1,create.net_rx_bytes_per_event,1439.42
go,1,delete.cpu_us_per_event,465.4890610281148
go,1,delete.net_rx_bytes_per_event,1444.82
go,1,churn.anon_growth_mib,1.2624116573470023
go,1,startup.threads_waking,4
go,1,startup.top_thread_share_pct,53.84615384615385
go,1,warmup.threads_waking,6
go,1,warmup.top_thread_share_pct,73.5042735042735
go,1,idle_pre.threads_waking,6
go,1,idle_pre.top_thread_share_pct,64.0636846095527
go,1,create.threads_waking,7
go,1,create.top_thread_share_pct,50.80428954423593
go,1,delete.threads_waking,7
go,1,delete.top_thread_share_pct,47.578347578347575
go,1,post_near.threads_waking,6
go,1,post_near.top_thread_share_pct,60.30042918454936
go,1,post_mid.threads_waking,7
go,1,post_mid.top_thread_share_pct,59.494773519163765
go,1,post_late.threads_waking,6
go,1,post_late.top_thread_share_pct,71.3963963963964
go,1,done.threads_waking,5
go,1,done.top_thread_share_pct,36.36363636363637
go,1,delta_post_near.millicores,0.05568977334959127
go,1,delta_post_near.wakeups_per_s,0.4098505604918155
go,1,delta_post_near.pgfault_per_s,0.29537654809379105
go,1,delta_post_near.active_pct,0.05925397030105772
go,1,delta_post_near.anon_mean_mib,1.4272594869814674
go,1,delta_post_near.rss_mean_mib,1.4862226555950464
go,1,delta_post_near.mem_mean_mib,1.4950136453208493
go,1,delta_post_near.net_rx_pkts_per_min,-0.38596070725839304
go,1,delta_post_mid.millicores,0.06425983070711926
go,1,delta_post_mid.wakeups_per_s,0.5901072714202318
go,1,delta_post_mid.pgfault_per_s,0.046377297014737376
go,1,delta_post_mid.active_pct,0.031529053128638684
go,1,delta_post_mid.anon_mean_mib,1.2183840610047425
go,1,delta_post_mid.rss_mean_mib,1.2768664198389352
go,1,delta_post_mid.mem_mean_mib,1.2682447568150321
go,1,delta_post_mid.net_rx_pkts_per_min,0.11586164271604282
go,1,delta_post_late.millicores,0.054444068003001056
go,1,delta_post_late.wakeups_per_s,0.3735356175872396
go,1,delta_post_late.pgfault_per_s,0.0027762416090450215
go,1,delta_post_late.active_pct,-0.008979622418440636
go,1,delta_post_late.anon_mean_mib,1.1986697424269201
go,1,delta_post_late.rss_mean_mib,1.257123432782791
go,1,delta_post_late.mem_mean_mib,1.2252731653086073
go,1,delta_post_late.net_rx_pkts_per_min,-0.3170246050000731
go,1,run.hwm_mib,24.93359375
go,1,run.mem_peak_mib,6.75
go,1,sync_ms,102.0
go,2,startup.cpu_ms,0.354
go,2,startup.duration_s,1.2464089393615723
go,2,startup.millicores,0.2840159347551885
go,2,startup.cpu_ms_per_min,17.040956085311308
go,2,startup.user_pct,63.559322033898304
go,2,startup.throttled_ms,0.0
go,2,startup.wakeups_per_s,13.639183307452555
go,2,startup.vol_cs_per_s,0.0
go,2,startup.nonvol_cs_per_s,0.0
go,2,startup.sched_wait_ms_per_min,27.072928422098855
go,2,startup.pgfault_per_s,0.0
go,2,startup.pgmajfault,0.0
go,2,startup.net_rx_pkts_per_min,96.27658805260627
go,2,startup.net_tx_pkts_per_min,48.138294026303136
go,2,startup.net_rx_bytes_per_s,141.20566247715587
go,2,startup.net_tx_bytes_per_s,72.20744103945471
go,2,startup.net_rx_bytes,176.0
go,2,startup.active_pct,18.181818181818183
go,2,startup.bursts_per_min,48.138294026303136
go,2,startup.mem_mean_mib,4.2939453125
go,2,startup.mem_max_mib,4.4296875
go,2,startup.anon_mean_mib,3.6796875
go,2,startup.anon_max_mib,3.6796875
go,2,startup.anon_slope_mib_per_h,0.0
go,2,startup.rss_mean_mib,22.921875
go,2,startup.threads_max,7.0
go,2,startup.load1_max,0.51
go,2,warmup.duration_s,300.4511170387268
go,2,warmup.cpu_ms,4.11
go,2,warmup.millicores,0.013679429920276313
go,2,warmup.cpu_ms_per_min,0.8207657952165789
go,2,warmup.user_pct,45.42579075425791
go,2,warmup.throttled_ms,0.0
go,2,warmup.wakeups_per_s,0.3927427568351837
go,2,warmup.vol_cs_per_s,0.003328328447755794
go,2,warmup.nonvol_cs_per_s,0.003328328447755794
go,2,warmup.sched_wait_ms_per_min,0.3005620378118288
go,2,warmup.pgfault_per_s,0.03328328447755794
go,2,warmup.pgmajfault,0.0
go,2,warmup.net_rx_pkts_per_min,9.984985343267383
go,2,warmup.net_tx_pkts_per_min,6.390390619691124
go,2,warmup.net_rx_bytes_per_s,14.145395902962125
go,2,warmup.net_tx_bytes_per_s,5.831231440468152
go,2,warmup.net_rx_bytes,4250.0
go,2,warmup.active_pct,0.37202380952380953
go,2,warmup.bursts_per_min,1.7972973617881287
go,2,warmup.mem_mean_mib,4.212799072265625
go,2,warmup.mem_max_mib,4.43359375
go,2,warmup.anon_mean_mib,3.7023097446986606
go,2,warmup.anon_max_mib,3.703125
go,2,warmup.anon_slope_mib_per_h,0.04743073065237641
go,2,warmup.rss_mean_mib,23.107875279017858
go,2,warmup.threads_max,7.0
go,2,warmup.load1_max,0.51
go,2,idle_pre.duration_s,3600.3835620880127
go,2,idle_pre.cpu_ms,80.629
go,2,idle_pre.millicores,0.022394558415670545
go,2,idle_pre.cpu_ms_per_min,1.3436735049402329
go,2,idle_pre.user_pct,71.98278535018417
go,2,idle_pre.throttled_ms,0.0
go,2,idle_pre.wakeups_per_s,0.3977354010497491
go,2,idle_pre.vol_cs_per_s,0.00027774818509060693
go,2,idle_pre.nonvol_cs_per_s,0.0
go,2,idle_pre.sched_wait_ms_per_min,0.6320878708490137
go,2,idle_pre.pgfault_per_s,0.013887409254530346
go,2,idle_pre.pgmajfault,0.0
go,2,idle_pre.net_rx_pkts_per_min,5.482749173688581
go,2,idle_pre.net_tx_pkts_per_min,5.399424718161399
go,2,idle_pre.net_rx_bytes_per_s,7.674182354053469
go,2,idle_pre.net_tx_bytes_per_s,8.280784390291355
go,2,idle_pre.net_rx_bytes,27630.0
go,2,idle_pre.active_pct,0.3697144810016466
go,2,idle_pre.bursts_per_min,1.7831433482816963
go,2,idle_pre.mem_mean_mib,4.32305683874701
go,2,idle_pre.mem_max_mib,4.82421875
go,2,idle_pre.anon_mean_mib,3.8012873258225373
go,2,idle_pre.anon_max_mib,3.890625
go,2,idle_pre.anon_slope_mib_per_h,0.18837641661791937
go,2,idle_pre.rss_mean_mib,23.23050345927704
go,2,idle_pre.threads_max,7.0
go,2,idle_pre.load1_max,0.92
go,2,create.duration_s,33.27078199386597
go,2,create.cpu_ms,51.503
go,2,create.millicores,1.5479948745868208
go,2,create.cpu_ms_per_min,92.87969247520924
go,2,create.user_pct,46.447779740985965
go,2,create.throttled_ms,0.0
go,2,create.wakeups_per_s,24.556080471767324
go,2,create.vol_cs_per_s,0.030056402046226834
go,2,create.nonvol_cs_per_s,0.0
go,2,create.sched_wait_ms_per_min,95.82686215754728
go,2,create.pgfault_per_s,10.609909922318073
go,2,create.pgmajfault,0.0
go,2,create.net_rx_pkts_per_min,191.15871701400266
go,2,create.net_tx_pkts_per_min,189.35533289122907
go,2,create.net_rx_bytes_per_s,4352.106903489554
go,2,create.net_tx_bytes_per_s,253.07490522922996
go,2,create.net_rx_bytes,144798.0
go,2,create.active_pct,9.427609427609427
go,2,create.bursts_per_min,7.21353649109444
go,2,create.mem_mean_mib,5.47924558080808
go,2,create.mem_max_mib,5.73828125
go,2,create.anon_mean_mib,4.895951704545454
go,2,create.anon_max_mib,4.92578125
go,2,create.anon_slope_mib_per_h,17.80564556719736
go,2,create.rss_mean_mib,24.389835858585858
go,2,create.threads_max,7.0
go,2,create.load1_max,0.1
go,2,delete.duration_s,51.883161783218384
go,2,delete.cpu_ms,40.537
go,2,delete.millicores,0.7813132162101905
go,2,delete.cpu_ms_per_min,46.87879297261143
go,2,delete.user_pct,25.917063423538988
go,2,delete.throttled_ms,0.0
go,2,delete.wakeups_per_s,12.932904952932823
go,2,delete.vol_cs_per_s,0.01927407593581643
go,2,delete.nonvol_cs_per_s,0.01927407593581643
go,2,delete.sched_wait_ms_per_min,45.48994584912508
go,2,delete.pgfault_per_s,1.5612001508011306
go,2,delete.pgmajfault,0.0
go,2,delete.net_rx_pkts_per_min,120.27023383949451
go,2,delete.net_tx_pkts_per_min,120.27023383949451
go,2,delete.net_rx_bytes_per_s,2783.4849503468654
go,2,delete.net_tx_bytes_per_s,131.37210157852476
go,2,delete.net_rx_bytes,144416.0
go,2,delete.active_pct,7.327586206896552
go,2,delete.bursts_per_min,3.469333668446957
go,2,delete.mem_mean_mib,5.777419517780173
go,2,delete.mem_max_mib,5.984375
go,2,delete.anon_mean_mib,5.219928609913793
go,2,delete.anon_max_mib,5.234375
go,2,delete.anon_slope_mib_per_h,5.657617555494622
go,2,delete.rss_mean_mib,24.713101091056036
go,2,delete.threads_max,7.0
go,2,delete.load1_max,0.15
go,2,post_near.duration_s,600.3183209896088
go,2,post_near.cpu_ms,43.169
go,2,post_near.millicores,0.07191018246592416
go,2,post_near.cpu_ms_per_min,4.314610947955449
go,2,post_near.user_pct,84.15992957909612
go,2,post_near.throttled_ms,0.0
go,2,post_near.wakeups_per_s,0.8045731458000271
go,2,post_near.vol_cs_per_s,0.0016657829105590624
go,2,post_near.nonvol_cs_per_s,0.0016657829105590624
go,2,post_near.sched_wait_ms_per_min,1.7476612045930884
go,2,post_near.pgfault_per_s,0.32149610173789905
go,2,post_near.pgmajfault,0.0
go,2,post_near.net_rx_pkts_per_min,4.897401757043643
go,2,post_near.net_tx_pkts_per_min,4.897401757043643
go,2,post_near.net_rx_bytes_per_s,6.836373064934392
go,2,post_near.net_tx_bytes_per_s,6.989625092705826
go,2,post_near.net_rx_bytes,4104.0
go,2,post_near.active_pct,0.4097597317936301
go,2,post_near.bursts_per_min,1.8989925180373313
go,2,post_near.mem_mean_mib,5.783090717545167
go,2,post_near.mem_max_mib,6.4921875
go,2,post_near.anon_mean_mib,5.24022673565841
go,2,post_near.anon_max_mib,5.73046875
go,2,post_near.anon_slope_mib_per_h,-5.546748627129403
go,2,post_near.rss_mean_mib,24.728748806807598
go,2,post_near.threads_max,7.0
go,2,post_near.load1_max,0.53
go,2,post_mid.duration_s,1200.307468175888
go,2,post_mid.cpu_ms,85.135
go,2,post_mid.millicores,0.07092766000146612
go,2,post_mid.cpu_ms_per_min,4.255659600087967
go,2,post_mid.user_pct,82.46784518705586
go,2,post_mid.throttled_ms,0.0
go,2,post_mid.wakeups_per_s,0.7831326763537693
go,2,post_mid.vol_cs_per_s,0.0008331198684614567
go,2,post_mid.nonvol_cs_per_s,0.0
go,2,post_mid.sched_wait_ms_per_min,1.9388660170020509
go,2,post_mid.pgfault_per_s,0.004165599342307284
go,2,post_mid.pgmajfault,0.0
go,2,post_mid.net_rx_pkts_per_min,4.898744826553366
go,2,post_mid.net_tx_pkts_per_min,4.848757634445678
go,2,post_mid.net_rx_bytes_per_s,6.841580359805483
go,2,post_mid.net_tx_bytes_per_s,6.936556024810089
go,2,post_mid.net_rx_bytes,8212.0
go,2,post_mid.active_pct,0.363162305615048
go,2,post_mid.bursts_per_min,1.7495517237690592
go,2,post_mid.mem_mean_mib,5.479179276468945
go,2,post_mid.mem_max_mib,5.9609375
go,2,post_mid.anon_mean_mib,4.941243656299469
go,2,post_mid.anon_max_mib,4.9609375
go,2,post_mid.anon_slope_mib_per_h,-0.20638151806103272
go,2,post_mid.rss_mean_mib,24.45828798654437
go,2,post_mid.threads_max,7.0
go,2,post_mid.load1_max,0.53
go,2,post_late.duration_s,1800.1852960586548
go,2,post_late.cpu_ms,123.243
go,2,post_late.millicores,0.06846128577420867
go,2,post_late.cpu_ms_per_min,4.107677146452519
go,2,post_late.user_pct,89.33326842092451
go,2,post_late.throttled_ms,0.0
go,2,post_late.wakeups_per_s,0.8421355308918181
go,2,post_late.vol_cs_per_s,0.0005554983713006716
go,2,post_late.nonvol_cs_per_s,0.0005554983713006716
go,2,post_late.sched_wait_ms_per_min,1.5299525365694693
go,2,post_late.pgfault_per_s,0.002777491856503358
go,2,post_late.pgmajfault,0.0
go,2,post_late.net_rx_pkts_per_min,5.66608338726685
go,2,post_late.net_tx_pkts_per_min,5.599423582710769
go,2,post_late.net_rx_bytes_per_s,7.752535269872173
go,2,post_late.net_tx_bytes_per_s,8.37913743269933
go,2,post_late.net_rx_bytes,13956.0
go,2,post_late.active_pct,0.35438945535936334
go,2,post_late.bursts_per_min,1.7664848207361354
go,2,post_late.mem_mean_mib,5.459686742259388
go,2,post_late.mem_max_mib,5.92578125
go,2,post_late.anon_mean_mib,4.922800803593633
go,2,post_late.anon_max_mib,4.9296875
go,2,post_late.anon_slope_mib_per_h,0.022996613154241955
go,2,post_late.rss_mean_mib,24.536096139797316
go,2,post_late.threads_max,7.0
go,2,post_late.load1_max,0.63
go,2,create.cpu_us_per_event,507.5791552910333
go,2,create.net_rx_bytes_per_event,1447.98
go,2,delete.cpu_us_per_event,393.75099502656025
go,2,delete.net_rx_bytes_per_event,1444.16
go,2,churn.anon_growth_mib,1.1244939241774627
go,2,startup.threads_waking,4
go,2,startup.top_thread_share_pct,64.70588235294117
go,2,warmup.threads_waking,6
go,2,warmup.top_thread_share_pct,76.27118644067797
go,2,idle_pre.threads_waking,6
go,2,idle_pre.top_thread_share_pct,70.04189944134079
go,2,create.threads_waking,6
go,2,create.top_thread_share_pct,47.858017135862916
go,2,delete.threads_waking,6
go,2,delete.top_thread_share_pct,46.497764530551414
go,2,post_near.threads_waking,6
go,2,post_near.top_thread_share_pct,69.77225672877847
go,2,post_mid.threads_waking,6
go,2,post_mid.top_thread_share_pct,68.72340425531915
go,2,post_late.threads_waking,6
go,2,post_late.top_thread_share_pct,68.46965699208444
go,2,done.threads_waking,5
go,2,done.top_thread_share_pct,79.7872340425532
go,2,delta_post_near.millicores,0.049515624050253615
go,2,delta_post_near.wakeups_per_s,0.40683774475027806
go,2,delta_post_near.pgfault_per_s,0.3076086924833687
go,2,delta_post_near.active_pct,0.04004525079198351
go,2,delta_post_near.anon_mean_mib,1.4389394098358723
go,2,delta_post_near.rss_mean_mib,1.4982453475305597
go,2,delta_post_near.mem_mean_mib,1.460033878798157
go,2,delta_post_near.net_rx_pkts_per_min,-0.5853474166449377
go,2,delta_post_mid.millicores,0.048533101585795574
go,2,delta_post_mid.wakeups_per_s,0.3853972753040202
go,2,delta_post_mid.pgfault_per_s,-0.009721809912223062
go,2,delta_post_mid.active_pct,-0.006552175386598635
go,2,delta_post_mid.anon_mean_mib,1.1399563304769318
go,2,delta_post_mid.rss_mean_mib,1.2277845272673318
go,2,delta_post_mid.mem_mean_mib,1.156122437721935
go,2,delta_post_mid.net_rx_pkts_per_min,-0.584004347135215
go,2,delta_post_late.millicores,0.04606672735853812
go,2,delta_post_late.wakeups_per_s,0.44440012984206906
go,2,delta_post_late.pgfault_per_s,-0.011109917398026989
go,2,delta_post_late.active_pct,-0.015325025642283274
go,2,delta_post_late.anon_mean_mib,1.1215134777710958
go,2,delta_post_late.rss_mean_mib,1.3055926805202773
go,2,delta_post_late.mem_mean_mib,1.136629903512378
go,2,delta_post_late.net_rx_pkts_per_min,0.18333421357826918
go,2,run.hwm_mib,25.1171875
go,2,run.mem_peak_mib,6.4921875
go,2,sync_ms,102.0
go,3,startup.cpu_ms,0.348
go,3,startup.duration_s,1.3454020023345947
go,3,startup.millicores,0.2586587498726304
go,3,startup.cpu_ms_per_min,15.51952499235782
go,3,startup.user_pct,0.0
go,3,startup.throttled_ms,0.0
go,3,startup.wakeups_per_s,12.635628585731943
go,3,startup.vol_cs_per_s,0.0
go,3,startup.nonvol_cs_per_s,0.0
go,3,startup.sched_wait_ms_per_min,4.692471089715179
go,3,startup.pgfault_per_s,0.0
go,3,startup.pgmajfault,0.0
go,3,startup.net_rx_pkts_per_min,178.38534473974508
go,3,startup.net_tx_pkts_per_min,44.59633618493627
go,3,startup.net_rx_bytes_per_s,264.60492803062186
go,3,startup.net_tx_bytes_per_s,66.89450427740441
go,3,startup.net_rx_bytes,356.0
go,3,startup.active_pct,16.666666666666668
go,3,startup.bursts_per_min,44.59633618493627
go,3,startup.mem_mean_mib,4.2040264423076925
go,3,startup.mem_max_mib,4.453125
go,3,startup.anon_mean_mib,3.6875
go,3,startup.anon_max_mib,3.6875
go,3,startup.anon_slope_mib_per_h,0.0
go,3,startup.rss_mean_mib,22.9296875
go,3,startup.threads_max,7.0
go,3,startup.load1_max,0.29
go,3,warmup.duration_s,300.2834939956665
go,3,warmup.cpu_ms,5.188
go,3,warmup.millicores,0.01727700690759536
go,3,warmup.cpu_ms_per_min,1.0366204144557214
go,3,warmup.user_pct,52.602158828064766
go,3,warmup.throttled_ms,0.0
go,3,warmup.wakeups_per_s,0.44624497409749003
go,3,warmup.vol_cs_per_s,0.0033301863738618657
go,3,warmup.nonvol_cs_per_s,0.0033301863738618657
go,3,warmup.sched_wait_ms_per_min,1.0124592462760789
go,3,warmup.pgfault_per_s,0.04995279560792799
go,3,warmup.pgmajfault,0.0
go,3,warmup.net_rx_pkts_per_min,9.191314391858748
go,3,warmup.net_tx_pkts_per_min,5.794524290519647
go,3,warmup.net_rx_bytes_per_s,13.167556922249817
go,3,warmup.net_tx_bytes_per_s,5.414883043899394
go,3,warmup.net_rx_bytes,3954.0
go,3,warmup.active_pct,0.37230081906180196
go,3,warmup.bursts_per_min,1.5984894594536956
go,3,warmup.mem_mean_mib,4.219663300446761
go,3,warmup.mem_max_mib,4.453125
go,3,warmup.anon_mean_mib,3.7171124581161576
go,3,warmup.anon_max_mib,3.71875
go,3,warmup.anon_slope_mib_per_h,0.073189011767993
go,3,warmup.rss_mean_mib,23.09775805100521
go,3,warmup.threads_max,7.0
go,3,warmup.load1_max,0.4
go,3,idle_pre.duration_s,3600.302855014801
go,3,idle_pre.cpu_ms,73.25
go,3,idle_pre.millicores,0.020345510627799355
go,3,idle_pre.cpu_ms_per_min,1.2207306376679614
go,3,idle_pre.user_pct,77.54402730375426
go,3,idle_pre.throttled_ms,0.0
go,3,idle_pre.wakeups_per_s,0.3074741333102237
go,3,idle_pre.vol_cs_per_s,0.0002777544113010151
go,3,idle_pre.nonvol_cs_per_s,0.0
go,3,idle_pre.sched_wait_ms_per_min,0.8870909389057133
go,3,idle_pre.pgfault_per_s,0.018054036734565983
go,3,idle_pre.pgmajfault,0.0
go,3,idle_pre.net_rx_pkts_per_min,5.232893108911124
go,3,idle_pre.net_tx_pkts_per_min,5.14956678552082
go,3,idle_pre.net_rx_bytes_per_s,7.328827896588584
go,3,idle_pre.net_tx_bytes_per_s,7.604915781421794
go,3,idle_pre.net_rx_bytes,26386.0
go,3,idle_pre.active_pct,0.3322671800763904
go,3,idle_pre.bursts_per_min,1.6665264678060907
go,3,idle_pre.mem_mean_mib,4.391187107955781
go,3,idle_pre.mem_max_mib,4.921875
go,3,idle_pre.anon_mean_mib,3.8601201508788
go,3,idle_pre.anon_max_mib,3.96484375
go,3,idle_pre.anon_slope_mib_per_h,0.2596927614001508
go,3,idle_pre.rss_mean_mib,23.2898955939664
go,3,idle_pre.threads_max,7.0
go,3,idle_pre.load1_max,0.98
go,3,create.duration_s,33.893800020217896
go,3,create.cpu_ms,52.35
go,3,create.millicores,1.5445302671513035
go,3,create.cpu_ms_per_min,92.6718160290782
go,3,create.user_pct,48.46227316141356
go,3,create.throttled_ms,0.0
go,3,create.wakeups_per_s,24.045695658611507
go,3,create.vol_cs_per_s,0.02950392105351105
go,3,create.nonvol_cs_per_s,0.0590078421070221
go,3,create.sched_wait_ms_per_min,98.47916132180394
go,3,create.pgfault_per_s,11.53603313192282
go,3,create.pgmajfault,0.0
go,3,create.net_rx_pkts_per_min,178.79376158427695
go,3,create.net_tx_pkts_per_min,178.79376158427695
go,3,create.net_rx_bytes_per_s,4246.853404284488
go,3,create.net_tx_bytes_per_s,195.9650436374204
go,3,create.net_rx_bytes,143942.0
go,3,create.active_pct,9.24092409240924
go,3,create.bursts_per_min,7.080941052842651
go,3,create.mem_mean_mib,5.662102929042904
go,3,create.mem_max_mib,5.94921875
go,3,create.anon_mean_mib,5.1006987417491745
go,3,create.anon_max_mib,5.15234375
go,3,create.anon_slope_mib_per_h,30.657078649954748
go,3,create.rss_mean_mib,24.600518254950494
go,3,create.threads_max,8.0
go,3,create.load1_max,0.42
go,3,delete.duration_s,51.711971044540405
go,3,delete.cpu_ms,44.319
go,3,delete.millicores,0.8570355974601566
go,3,delete.cpu_ms_per_min,51.4221358476094
go,3,delete.user_pct,56.28511473634333
go,3,delete.throttled_ms,0.0
go,3,delete.wakeups_per_s,13.47850383424105
go,3,delete.vol_cs_per_s,0.019337882115123457
go,3,delete.nonvol_cs_per_s,0.019337882115123457
go,3,delete.sched_wait_ms_per_min,45.96695488463616
go,3,delete.pgfault_per_s,2.1271670326635803
go,3,delete.pgmajfault,0.0
go,3,delete.net_rx_pkts_per_min,122.9889302521852
go,3,delete.net_tx_pkts_per_min,122.9889302521852
go,3,delete.net_rx_bytes_per_s,2794.3239656353394
go,3,delete.net_tx_bytes_per_s,133.43138659435186
go,3,delete.net_rx_bytes,144500.0
go,3,delete.active_pct,6.2770562770562774
go,3,delete.bursts_per_min,3.4808187807222226
go,3,delete.mem_mean_mib,6.224854572510822
go,3,delete.mem_max_mib,6.578125
go,3,delete.anon_mean_mib,5.559489989177489
go,3,delete.anon_max_mib,5.578125
go,3,delete.anon_slope_mib_per_h,7.359317296904194
go,3,delete.rss_mean_mib,25.058052624458874
go,3,delete.threads_max,8.0
go,3,delete.load1_max,0.31
go,3,post_near.duration_s,600.2566599845886
go,3,post_near.cpu_ms,55.012
go,3,post_near.millicores,0.09164746293929069
go,3,post_near.cpu_ms_per_min,5.498847776357441
go,3,post_near.user_pct,86.29571729804407
go,3,post_near.throttled_ms,0.0
go,3,post_near.wakeups_per_s,0.9362661632349555
go,3,post_near.vol_cs_per_s,0.0016659540271084616
go,3,post_near.nonvol_cs_per_s,0.0
go,3,post_near.sched_wait_ms_per_min,2.2227876655866776
go,3,post_near.pgfault_per_s,0.2865440926626554
go,3,post_near.pgmajfault,0.0
go,3,post_near.net_rx_pkts_per_min,6.097391739216969
go,3,post_near.net_tx_pkts_per_min,5.8974772559639534
go,3,post_near.net_rx_bytes_per_s,8.719603377885688
go,3,post_near.net_tx_bytes_per_s,10.290598025448968
go,3,post_near.net_rx_bytes,5234.0
go,3,post_near.active_pct,0.4473438956197577
go,3,post_near.bursts_per_min,1.999144832530154
go,3,post_near.mem_mean_mib,5.884225739748369
go,3,post_near.mem_max_mib,6.859375
go,3,post_near.anon_mean_mib,5.321864806616961
go,3,post_near.anon_max_mib,5.96484375
go,3,post_near.anon_slope_mib_per_h,-6.2472177212258035
go,3,post_near.rss_mean_mib,24.8144782444082
go,3,post_near.threads_max,8.0
go,3,post_near.load1_max,0.5
go,3,post_mid.duration_s,1200.3036239147186
go,3,post_mid.cpu_ms,97.761
go,3,post_mid.millicores,0.0814468923130952
go,3,post_mid.cpu_ms_per_min,4.886813538785712
go,3,post_mid.user_pct,87.27202053988809
go,3,post_mid.throttled_ms,0.0
go,3,post_mid.wakeups_per_s,0.7548090182758385
go,3,post_mid.vol_cs_per_s,0.0008331225367282986
go,3,post_mid.nonvol_cs_per_s,0.0
go,3,post_mid.sched_wait_ms_per_min,1.4171343367708231
go,3,post_mid.pgfault_per_s,0.006664980293826389
go,3,post_mid.pgmajfault,0.0
go,3,post_mid.net_rx_pkts_per_min,5.098709924777188
go,3,post_mid.net_tx_pkts_per_min,5.098709924777188
go,3,post_mid.net_rx_bytes_per_s,7.10486899321893
go,3,post_mid.net_tx_bytes_per_s,7.174851286304107
go,3,post_mid.net_rx_bytes,8528.0
go,3,post_mid.active_pct,0.3172825681224337
go,3,post_mid.bursts_per_min,1.6495826227220312
go,3,post_mid.mem_mean_mib,5.620546597960993
go,3,post_mid.mem_max_mib,6.078125
go,3,post_mid.anon_mean_mib,5.05809179906215
go,3,post_mid.anon_max_mib,5.08203125
go,3,post_mid.anon_slope_mib_per_h,0.053233526614696124
go,3,post_mid.rss_mean_mib,24.550293880062522
go,3,post_mid.threads_max,8.0
go,3,post_mid.load1_max,1.02
go,3,post_late.duration_s,1800.4140021800995
go,3,post_late.cpu_ms,145.344
go,3,post_late.millicores,0.0807280991060971
go,3,post_late.cpu_ms_per_min,4.843685946365826
go,3,post_late.user_pct,88.95516842800528
go,3,post_late.throttled_ms,0.0
go,3,post_late.wakeups_per_s,0.8775759342500098
go,3,post_late.vol_cs_per_s,0.000555427806487348
go,3,post_late.nonvol_cs_per_s,0.000555427806487348
go,3,post_late.sched_wait_ms_per_min,1.6033362640506947
go,3,post_late.pgfault_per_s,0.00277713903243674
go,3,post_late.pgmajfault,0.0
go,3,post_late.net_rx_pkts_per_min,5.098827263553854
go,3,post_late.net_tx_pkts_per_min,5.065501595164614
go,3,post_late.net_rx_bytes_per_s,7.70933795404439
go,3,post_late.net_tx_bytes_per_s,8.870182069602947
go,3,post_late.net_rx_bytes,13880.0
go,3,post_late.active_pct,0.32962248896075624
go,3,post_late.bursts_per_min,1.7329347562405257
go,3,post_late.mem_mean_mib,5.638374636560109
go,3,post_late.mem_max_mib,6.11328125
go,3,post_late.anon_mean_mib,5.078247685257168
go,3,post_late.anon_max_mib,5.1015625
go,3,post_late.anon_slope_mib_per_h,-0.11488350968489075
go,3,post_late.rss_mean_mib,24.57043445643386
go,3,post_late.threads_max,8.0
go,3,post_late.load1_max,0.58
go,3,create.cpu_us_per_event,516.6041333147215
go,3,create.net_rx_bytes_per_event,1439.42
go,3,delete.cpu_us_per_event,432.6689354352885
go,3,delete.net_rx_bytes_per_event,1445.0
go,3,churn.anon_growth_mib,1.2922235991212
go,3,startup.threads_waking,4
go,3,startup.top_thread_share_pct,64.70588235294117
go,3,warmup.threads_waking,6
go,3,warmup.top_thread_share_pct,71.64179104477611
go,3,idle_pre.threads_waking,6
go,3,idle_pre.top_thread_share_pct,73.44173441734418
go,3,create.threads_waking,6
go,3,create.top_thread_share_pct,47.55944931163955
go,3,delete.threads_waking,6
go,3,delete.top_thread_share_pct,49.21090387374462
go,3,post_near.threads_waking,6
go,3,post_near.top_thread_share_pct,59.25266903914591
go,3,post_mid.threads_waking,6
go,3,post_mid.top_thread_share_pct,63.796909492273734
go,3,post_late.threads_waking,6
go,3,post_late.top_thread_share_pct,66.9620253164557
go,3,done.threads_waking,5
go,3,done.top_thread_share_pct,44.44444444444444
go,3,delta_post_near.millicores,0.07130195231149133
go,3,delta_post_near.wakeups_per_s,0.6287920299247318
go,3,delta_post_near.pgfault_per_s,0.26849005592808944
go,3,delta_post_near.active_pct,0.11507671554336729
go,3,delta_post_near.anon_mean_mib,1.4617446557381615
go,3,delta_post_near.rss_mean_mib,1.5245826504418005
go,3,delta_post_near.mem_mean_mib,1.4930386317925883
go,3,delta_post_near.net_rx_pkts_per_min,0.8644986303058451
go,3,delta_post_mid.millicores,0.061101381685295844
go,3,delta_post_mid.wakeups_per_s,0.44733488496561474
go,3,delta_post_mid.pgfault_per_s,-0.011389056440739596
go,3,delta_post_mid.active_pct,-0.014984611953956672
go,3,delta_post_mid.anon_mean_mib,1.19797164818335
go,3,delta_post_mid.rss_mean_mib,1.2603982860961231
go,3,delta_post_mid.mem_mean_mib,1.229359490005212
go,3,delta_post_mid.net_rx_pkts_per_min,-0.1341831841339367
go,3,delta_post_late.millicores,0.06038258847829775
go,3,delta_post_late.wakeups_per_s,0.570101800939786
go,3,delta_post_late.pgfault_per_s,-0.015276897702129243
go,3,delta_post_late.active_pct,-0.0026446911156341457
go,3,delta_post_late.anon_mean_mib,1.2181275343783677
go,3,delta_post_late.rss_mean_mib,1.2805388624674592
go,3,delta_post_late.mem_mean_mib,1.2471875286043286
go,3,delta_post_late.net_rx_pkts_per_min,-0.13406584535727006
go,3,run.hwm_mib,25.2421875
go,3,run.mem_peak_mib,6.859375
go,3,sync_ms,103.0
rs,1,startup.cpu_ms,0.0
rs,1,startup.duration_s,0.5684309005737305
rs,1,startup.millicores,0.0
rs,1,startup.cpu_ms_per_min,0.0
rs,1,startup.user_pct,nan
rs,1,startup.throttled_ms,0.0
rs,1,startup.wakeups_per_s,0.0
rs,1,startup.vol_cs_per_s,0.0
rs,1,startup.nonvol_cs_per_s,0.0
rs,1,startup.sched_wait_ms_per_min,0.0
rs,1,startup.pgfault_per_s,0.0
rs,1,startup.pgmajfault,0.0
rs,1,startup.net_rx_pkts_per_min,316.6611804853006
rs,1,startup.net_tx_pkts_per_min,211.10745365686705
rs,1,startup.net_rx_bytes_per_s,467.9548556060553
rs,1,startup.net_tx_bytes_per_s,316.6611804853006
rs,1,startup.net_rx_bytes,266.0
rs,1,startup.active_pct,0.0
rs,1,startup.bursts_per_min,0.0
rs,1,startup.mem_mean_mib,0.9791666666666666
rs,1,startup.mem_max_mib,1.0625
rs,1,startup.anon_mean_mib,0.5546875
rs,1,startup.anon_max_mib,0.5546875
rs,1,startup.anon_slope_mib_per_h,0.0
rs,1,startup.rss_mean_mib,6.34765625
rs,1,startup.threads_max,2.0
rs,1,startup.load1_max,0.0
rs,1,warmup.duration_s,300.217649936676
rs,1,warmup.cpu_ms,2.753
rs,1,warmup.millicores,0.009170013823573272
rs,1,warmup.cpu_ms_per_min,0.5502008294143963
rs,1,warmup.user_pct,48.34725753723211
rs,1,warmup.throttled_ms,0.0
rs,1,warmup.wakeups_per_s,0.10325841937187481
rs,1,warmup.vol_cs_per_s,0.033309167539314455
rs,1,warmup.nonvol_cs_per_s,0.0
rs,1,warmup.sched_wait_ms_per_min,0.15245139654398676
rs,1,warmup.pgfault_per_s,0.0033309167539314457
rs,1,warmup.pgmajfault,0.0
rs,1,warmup.net_rx_pkts_per_min,7.99420020943547
rs,1,warmup.net_tx_pkts_per_min,4.796520125661282
rs,1,warmup.net_rx_bytes_per_s,14.372905793214189
rs,1,warmup.net_tx_bytes_per_s,9.046769903677806
rs,1,warmup.net_rx_bytes,4315.0
rs,1,warmup.active_pct,0.2965159377316531
rs,1,warmup.bursts_per_min,1.598840041887094
rs,1,warmup.mem_mean_mib,0.89281122590808
rs,1,warmup.mem_max_mib,1.35546875
rs,1,warmup.anon_mean_mib,0.5548105656968124
rs,1,warmup.anon_max_mib,0.55859375
rs,1,warmup.anon_slope_mib_per_h,0.008581939211201553
rs,1,warmup.rss_mean_mib,6.347796689677539
rs,1,warmup.threads_max,2.0
rs,1,warmup.load1_max,0.31
rs,1,idle_pre.duration_s,3600.34326505661
rs,1,idle_pre.cpu_ms,41.058
rs,1,idle_pre.millicores,0.011403912620913502
rs,1,idle_pre.cpu_ms_per_min,0.6842347572548101
rs,1,idle_pre.user_pct,85.3694773247601
rs,1,idle_pre.throttled_ms,0.0
rs,1,idle_pre.wakeups_per_s,0.1108227662269104
rs,1,idle_pre.vol_cs_per_s,0.05943877687358101
rs,1,idle_pre.nonvol_cs_per_s,0.11165602010831574
rs,1,idle_pre.sched_wait_ms_per_min,0.26362086338039115
rs,1,idle_pre.pgfault_per_s,0.001944259056612463
rs,1,idle_pre.pgmajfault,0.0
rs,1,idle_pre.net_rx_pkts_per_min,3.4163409137618994
rs,1,idle_pre.net_tx_pkts_per_min,3.532996457158647
rs,1,idle_pre.net_rx_bytes_per_s,6.81101722660726
rs,1,idle_pre.net_tx_bytes_per_s,7.655936662352276
rs,1,idle_pre.net_rx_bytes,24522.0
rs,1,idle_pre.active_pct,0.2625888168056843
rs,1,idle_pre.bursts_per_min,1.4165315983890803
rs,1,idle_pre.mem_mean_mib,0.9154717427401915
rs,1,idle_pre.mem_max_mib,1.37890625
rs,1,idle_pre.anon_mean_mib,0.5725992913963547
rs,1,idle_pre.anon_max_mib,0.5859375
rs,1,idle_pre.anon_slope_mib_per_h,0.030075001336983216
rs,1,idle_pre.rss_mean_mib,6.365577695396973
rs,1,idle_pre.threads_max,2.0
rs,1,idle_pre.load1_max,0.88
rs,1,create.duration_s,33.93543195724487
rs,1,create.cpu_ms,26.002
rs,1,create.millicores,0.7662198033241429
rs,1,create.cpu_ms_per_min,45.97318819944857
rs,1,create.user_pct,41.81601415275748
rs,1,create.throttled_ms,0.0
rs,1,create.wakeups_per_s,12.61218659421326
rs,1,create.vol_cs_per_s,3.035175745803658
rs,1,create.nonvol_cs_per_s,1.9743376210567485
rs,1,create.sched_wait_ms_per_min,21.381141130431267
rs,1,create.pgfault_per_s,4.479094304486952
rs,1,create.pgmajfault,0.0
rs,1,create.net_rx_pkts_per_min,176.80635412448493
rs,1,create.net_tx_pkts_per_min,176.80635412448493
rs,1,create.net_rx_bytes_per_s,4876.908601267043
rs,1,create.net_tx_bytes_per_s,194.48698953693344
rs,1,create.net_rx_bytes,165500.0
rs,1,create.active_pct,10.491803278688524
rs,1,create.bursts_per_min,3.5361270824896986
rs,1,create.mem_mean_mib,1.5445184426229508
rs,1,create.mem_max_mib,1.76171875
rs,1,create.anon_mean_mib,1.1406634221311476
rs,1,create.anon_max_mib,1.1796875
rs,1,create.anon_slope_mib_per_h,22.831551286677723
rs,1,create.rss_mean_mib,6.938319672131148
rs,1,create.threads_max,2.0
rs,1,create.load1_max,0.18
rs,1,delete.duration_s,52.67858004570007
rs,1,delete.cpu_ms,41.324
rs,1,delete.millicores,0.7844554648995916
rs,1,delete.cpu_ms_per_min,47.067327893975495
rs,1,delete.user_pct,59.222243732455716
rs,1,delete.throttled_ms,0.0
rs,1,delete.wakeups_per_s,9.567456062080005
rs,1,delete.vol_cs_per_s,1.95525391744889
rs,1,delete.nonvol_cs_per_s,2.429830111004446
rs,1,delete.sched_wait_ms_per_min,16.34148033704009
rs,1,delete.pgfault_per_s,0.018983047742222234
rs,1,delete.pgmajfault,0.0
rs,1,delete.net_rx_pkts_per_min,117.31523504693341
rs,1,delete.net_tx_pkts_per_min,117.31523504693341
rs,1,delete.net_rx_bytes_per_s,3150.9771116837264
rs,1,delete.net_tx_bytes_per_s,128.1355722600001
rs,1,delete.net_rx_bytes,165989.0
rs,1,delete.active_pct,8.438818565400844
rs,1,delete.bursts_per_min,3.416948593600002
rs,1,delete.mem_mean_mib,1.561272085970464
rs,1,delete.mem_max_mib,1.98046875
rs,1,delete.anon_mean_mib,1.1835278217299579
rs,1,delete.anon_max_mib,1.18359375
rs,1,delete.anon_slope_mib_per_h,0.026579835548826175
rs,1,delete.rss_mean_mib,6.976546017932489
rs,1,delete.threads_max,2.0
rs,1,delete.load1_max,0.14
rs,1,post_near.duration_s,600.3419649600983
rs,1,post_near.cpu_ms,5.984
rs,1,post_near.millicores,0.009967652353601046
rs,1,post_near.cpu_ms_per_min,0.5980591412160627
rs,1,post_near.user_pct,93.399064171123
rs,1,post_near.throttled_ms,0.0
rs,1,post_near.wakeups_per_s,0.12326308057594876
rs,1,post_near.vol_cs_per_s,0.031648628796527384
rs,1,post_near.nonvol_cs_per_s,0.021654324966045052
rs,1,post_near.sched_wait_ms_per_min,0.6589750227210823
rs,1,post_near.pgfault_per_s,0.0016657173050803886
rs,1,post_near.pgmajfault,0.0
rs,1,post_near.net_rx_pkts_per_min,3.6978924172784624
rs,1,post_near.net_tx_pkts_per_min,3.6978924172784624
rs,1,post_near.net_rx_bytes_per_s,7.445756353709338
rs,1,post_near.net_tx_bytes_per_s,7.8455285069286305
rs,1,post_near.net_rx_bytes,4470.0
rs,1,post_near.active_pct,0.31504818383988137
rs,1,post_near.bursts_per_min,1.599088612877173
rs,1,post_near.mem_mean_mib,1.510893485915493
rs,1,post_near.mem_max_mib,1.73828125
rs,1,post_near.anon_mean_mib,1.1870229394458858
rs,1,post_near.anon_max_mib,1.1875
rs,1,post_near.anon_slope_mib_per_h,0.015057885802545044
rs,1,post_near.rss_mean_mib,6.979998928604521
rs,1,post_near.threads_max,2.0
rs,1,post_near.load1_max,0.38
rs,1,post_mid.duration_s,1200.2726101875305
rs,1,post_mid.cpu_ms,13.314
rs,1,post_mid.millicores,0.011092480064107955
rs,1,post_mid.cpu_ms_per_min,0.6655488038464773
rs,1,post_mid.user_pct,68.27399729607932
rs,1,post_mid.throttled_ms,0.0
rs,1,post_mid.wakeups_per_s,0.13080361800097257
rs,1,post_mid.vol_cs_per_s,0.029160042229516177
rs,1,post_mid.nonvol_cs_per_s,0.027493754102115252
rs,1,post_mid.sched_wait_ms_per_min,0.18792865727791427
rs,1,post_mid.pgfault_per_s,0.0
rs,1,post_mid.pgmajfault,0.0
rs,1,post_mid.net_rx_pkts_per_min,3.299250492253831
rs,1,post_mid.net_tx_pkts_per_min,3.4492164237199137
rs,1,post_mid.net_rx_bytes_per_s,6.780126390394361
rs,1,post_mid.net_tx_bytes_per_s,7.586609844056409
rs,1,post_mid.net_rx_bytes,8138.0
rs,1,post_mid.active_pct,0.2871965906985362
rs,1,post_mid.bursts_per_min,1.5496479584828597
rs,1,post_mid.mem_mean_mib,1.5238290659162497
rs,1,post_mid.mem_max_mib,1.98828125
rs,1,post_mid.anon_mean_mib,1.1875
rs,1,post_mid.anon_max_mib,1.1875
rs,1,post_mid.anon_slope_mib_per_h,0.0
rs,1,post_mid.rss_mean_mib,6.98046875
rs,1,post_mid.threads_max,2.0
rs,1,post_mid.load1_max,0.52
rs,1,post_late.duration_s,1800.3192648887634
rs,1,post_late.cpu_ms,20.116
rs,1,post_late.millicores,0.011173573705685424
rs,1,post_late.cpu_ms_per_min,0.6704144223411255
rs,1,post_late.user_pct,62.015311195068605
rs,1,post_late.throttled_ms,0.0
rs,1,post_late.wakeups_per_s,0.1377533445520971
rs,1,post_late.vol_cs_per_s,0.03221650800008723
rs,1,post_late.nonvol_cs_per_s,0.02832830875869739
rs,1,post_late.sched_wait_ms_per_min,0.2918136078671914
rs,1,post_late.pgfault_per_s,0.0
rs,1,post_late.pgmajfault,0.0
rs,1,post_late.net_rx_pkts_per_min,3.432724473112742
rs,1,post_late.net_tx_pkts_per_min,3.6660164275961327
rs,1,post_late.net_rx_bytes_per_s,7.184281284019451
rs,1,post_late.net_tx_bytes_per_s,8.54070736223002
rs,1,post_late.net_rx_bytes,12934.0
rs,1,post_late.active_pct,0.27813832746152417
rs,1,post_late.bursts_per_min,1.4997339931075087
rs,1,post_late.mem_mean_mib,1.5256350825143705
rs,1,post_late.mem_max_mib,1.7421875
rs,1,post_late.anon_mean_mib,1.1875
rs,1,post_late.anon_max_mib,1.1875
rs,1,post_late.anon_slope_mib_per_h,0.0
rs,1,post_late.rss_mean_mib,6.98046875
rs,1,post_late.threads_max,2.0
rs,1,post_late.load1_max,0.64
rs,1,create.cpu_us_per_event,256.1500329920662
rs,1,create.net_rx_bytes_per_event,1655.0
rs,1,delete.cpu_us_per_event,407.2325807616504
rs,1,delete.net_rx_bytes_per_event,1659.89
rs,1,churn.anon_growth_mib,0.6070882086036453
rs,1,warmup.threads_waking,2
rs,1,warmup.top_thread_share_pct,67.74193548387096
rs,1,idle_pre.threads_waking,2
rs,1,idle_pre.top_thread_share_pct,59.3984962406015
rs,1,create.threads_waking,2
rs,1,create.top_thread_share_pct,60.2803738317757
rs,1,delete.threads_waking,2
rs,1,delete.top_thread_share_pct,54.166666666666664
rs,1,post_near.threads_waking,2
rs,1,post_near.top_thread_share_pct,56.75675675675676
rs,1,post_mid.threads_waking,2
rs,1,post_mid.top_thread_share_pct,56.68789808917197
rs,1,post_late.threads_waking,2
rs,1,post_late.top_thread_share_pct,56.04838709677419
rs,1,done.threads_waking,2
rs,1,done.top_thread_share_pct,50.0
rs,1,delta_post_near.millicores,-0.0014362602673124551
rs,1,delta_post_near.wakeups_per_s,0.012440314349038362
rs,1,delta_post_near.pgfault_per_s,-0.0002785417515320744
rs,1,delta_post_near.active_pct,0.05245936703419707
rs,1,delta_post_near.anon_mean_mib,0.6144236480495311
rs,1,delta_post_near.rss_mean_mib,0.6144212332075485
rs,1,delta_post_near.mem_mean_mib,0.5954217431753015
rs,1,delta_post_near.net_rx_pkts_per_min,0.281551503516563
rs,1,delta_post_mid.millicores,-0.0003114325568055465
rs,1,delta_post_mid.wakeups_per_s,0.01998085177406217
rs,1,delta_post_mid.pgfault_per_s,-0.001944259056612463
rs,1,delta_post_mid.active_pct,0.024607773892851903
rs,1,delta_post_mid.anon_mean_mib,0.6149007086036453
rs,1,delta_post_mid.rss_mean_mib,0.6148910546030271
rs,1,delta_post_mid.mem_mean_mib,0.6083573231760582
rs,1,delta_post_mid.net_rx_pkts_per_min,-0.11709042150806859
rs,1,delta_post_late.millicores,-0.00023033891522807742
rs,1,delta_post_late.wakeups_per_s,0.026930578325186694
rs,1,delta_post_late.pgfault_per_s,-0.001944259056612463
rs,1,delta_post_late.active_pct,0.015549510655839871
rs,1,delta_post_late.anon_mean_mib,0.6149007086036453
rs,1,delta_post_late.rss_mean_mib,0.6148910546030271
rs,1,delta_post_late.mem_mean_mib,0.610163339774179
rs,1,delta_post_late.net_rx_pkts_per_min,0.01638355935084279
rs,1,run.hwm_mib,6.98046875
rs,1,run.mem_peak_mib,4.29296875
rs,1,sync_ms,37.0
rs,2,startup.cpu_ms,0.592
rs,2,startup.duration_s,1.6554679870605469
rs,2,startup.millicores,0.35760280756087387
rs,2,startup.cpu_ms_per_min,21.45616845365243
rs,2,startup.user_pct,0.0
rs,2,startup.throttled_ms,0.0
rs,2,startup.wakeups_per_s,7.852764355221892
rs,2,startup.vol_cs_per_s,2.4162351862221207
rs,2,startup.nonvol_cs_per_s,0.0
rs,2,startup.sched_wait_ms_per_min,4.83017494901733
rs,2,startup.pgfault_per_s,8.456823151777423
rs,2,startup.pgmajfault,0.0
rs,2,startup.net_rx_pkts_per_min,398.6788057266499
rs,2,startup.net_tx_pkts_per_min,181.21763896665905
rs,2,startup.net_rx_bytes_per_s,2247.702781983128
rs,2,startup.net_tx_bytes_per_s,1042.6054828548451
rs,2,startup.net_rx_bytes,3721.0
rs,2,startup.active_pct,6.666666666666667
rs,2,startup.bursts_per_min,36.24352779333181
rs,2,startup.mem_mean_mib,0.88330078125
rs,2,startup.mem_max_mib,0.96875
rs,2,startup.anon_mean_mib,0.522216796875
rs,2,startup.anon_max_mib,0.55078125
rs,2,startup.anon_slope_mib_per_h,65.03274899081545
rs,2,startup.rss_mean_mib,6.39208984375
rs,2,startup.threads_max,2.0
rs,2,startup.load1_max,0.32
rs,2,warmup.duration_s,300.2492399215698
rs,2,warmup.cpu_ms,4.234
rs,2,warmup.millicores,0.014101617713023994
rs,2,warmup.cpu_ms_per_min,0.8460970627814397
rs,2,warmup.user_pct,75.38970240906944
rs,2,warmup.throttled_ms,0.0
rs,2,warmup.wakeups_per_s,0.11656982049027864
rs,2,warmup.vol_cs_per_s,0.03330566299722247
rs,2,warmup.nonvol_cs_per_s,0.013322265198888988
rs,2,warmup.sched_wait_ms_per_min,0.6088789435328945
rs,2,warmup.pgfault_per_s,0.0
rs,2,warmup.pgmajfault,0.0
rs,2,warmup.net_rx_pkts_per_min,7.194023207400054
rs,2,warmup.net_tx_pkts_per_min,4.796015471600036
rs,2,warmup.net_rx_bytes_per_s,12.766060626835372
rs,2,warmup.net_tx_bytes_per_s,9.045818070045623
rs,2,warmup.net_rx_bytes,3833.0
rs,2,warmup.active_pct,0.259163272861903
rs,2,warmup.bursts_per_min,1.398837845883344
rs,2,warmup.mem_mean_mib,0.8515060972787857
rs,2,warmup.mem_max_mib,1.08203125
rs,2,warmup.anon_mean_mib,0.55078125
rs,2,warmup.anon_max_mib,0.55078125
rs,2,warmup.anon_slope_mib_per_h,0.0
rs,2,warmup.rss_mean_mib,6.4140625
rs,2,warmup.threads_max,2.0
rs,2,warmup.load1_max,0.69
rs,2,idle_pre.duration_s,3600.2968850135803
rs,2,idle_pre.cpu_ms,36.503
rs,2,idle_pre.millicores,0.010138886087962802
rs,2,idle_pre.cpu_ms_per_min,0.608333165277768
rs,2,idle_pre.user_pct,76.8073856943265
rs,2,idle_pre.throttled_ms,0.0
rs,2,idle_pre.wakeups_per_s,0.11554602669897064
rs,2,idle_pre.vol_cs_per_s,0.02777548718725256
rs,2,idle_pre.nonvol_cs_per_s,0.021942634877929523
rs,2,idle_pre.sched_wait_ms_per_min,0.26972072332205377
rs,2,idle_pre.pgfault_per_s,0.0024997938468527305
rs,2,idle_pre.pgmajfault,0.0
rs,2,idle_pre.net_rx_pkts_per_min,3.2997278778456036
rs,2,idle_pre.net_tx_pkts_per_min,3.4163849240320645
rs,2,idle_pre.net_rx_bytes_per_s,6.548348859266663
rs,2,idle_pre.net_tx_bytes_per_s,7.54771088826401
rs,2,idle_pre.net_rx_bytes,23576.0
rs,2,idle_pre.active_pct,0.2532036436621893
rs,2,idle_pre.bursts_per_min,1.366553969612826
rs,2,idle_pre.mem_mean_mib,0.8828870426123205
rs,2,idle_pre.mem_max_mib,1.3359375
rs,2,idle_pre.anon_mean_mib,0.5685927126756214
rs,2,idle_pre.anon_max_mib,0.5859375
rs,2,idle_pre.anon_slope_mib_per_h,0.028115318488180933
rs,2,idle_pre.rss_mean_mib,6.431883250347383
rs,2,idle_pre.threads_max,2.0
rs,2,idle_pre.load1_max,1.02
rs,2,create.duration_s,33.87709903717041
rs,2,create.cpu_ms,29.742
rs,2,create.millicores,0.8779382191895084
rs,2,create.cpu_ms_per_min,52.67629315137051
rs,2,create.user_pct,49.741106852262796
rs,2,create.throttled_ms,0.0
rs,2,create.wakeups_per_s,15.939971702048771
rs,2,create.vol_cs_per_s,3.010883543720323
rs,2,create.nonvol_cs_per_s,4.42776991723577
rs,2,create.sched_wait_ms_per_min,22.663272884068284
rs,2,create.pgfault_per_s,4.457288383350675
rs,2,create.pgmajfault,0.0
rs,2,create.net_rx_pkts_per_min,177.1107966894308
rs,2,create.net_tx_pkts_per_min,177.1107966894308
rs,2,create.net_rx_bytes_per_s,4885.3061420168
rs,2,create.net_tx_bytes_per_s,194.82187635837386
rs,2,create.net_rx_bytes,165500.0
rs,2,create.active_pct,10.491803278688524
rs,2,create.bursts_per_min,1.771107966894308
rs,2,create.mem_mean_mib,1.4669313524590164
rs,2,create.mem_max_mib,1.6484375
rs,2,create.anon_mean_mib,1.1359759221311476
rs,2,create.anon_max_mib,1.17578125
rs,2,create.anon_slope_mib_per_h,23.39530892743164
rs,2,create.rss_mean_mib,6.981429303278689
rs,2,create.threads_max,2.0
rs,2,create.load1_max,0.13
rs,2,delete.duration_s,52.674050092697144
rs,2,delete.cpu_ms,23.502
rs,2,delete.millicores,0.4461779559126473
rs,2,delete.cpu_ms_per_min,26.770677354758835
rs,2,delete.user_pct,37.30746319462173
rs,2,delete.throttled_ms,0.0
rs,2,delete.wakeups_per_s,9.435386098569726
rs,2,delete.vol_cs_per_s,1.9744067489964818
rs,2,delete.nonvol_cs_per_s,2.2591769531786667
rs,2,delete.sched_wait_ms_per_min,12.65623810636932
rs,2,delete.pgfault_per_s,0.0
rs,2,delete.pgmajfault,0.0
rs,2,delete.net_rx_pkts_per_min,117.32532412306017
rs,2,delete.net_tx_pkts_per_min,117.32532412306017
rs,2,delete.net_rx_bytes_per_s,3151.248094799779
rs,2,delete.net_tx_bytes_per_s,128.1465918819832
rs,2,delete.net_rx_bytes,165989.0
rs,2,delete.active_pct,8.033826638477802
rs,2,delete.bursts_per_min,3.4172424501862184
rs,2,delete.mem_mean_mib,1.5132052721987315
rs,2,delete.mem_max_mib,1.70703125
rs,2,delete.anon_mean_mib,1.17578125
rs,2,delete.anon_max_mib,1.17578125
rs,2,delete.anon_slope_mib_per_h,0.0
rs,2,delete.rss_mean_mib,7.0390625
rs,2,delete.threads_max,2.0
rs,2,delete.load1_max,0.11
rs,2,post_near.duration_s,600.295382976532
rs,2,post_near.cpu_ms,8.237
rs,2,post_near.millicores,0.013721578132347584
rs,2,post_near.cpu_ms_per_min,0.8232946879408551
rs,2,post_near.user_pct,63.11763991744567
rs,2,post_near.throttled_ms,0.0
rs,2,post_near.wakeups_per_s,0.1282701852847838
rs,2,post_near.vol_cs_per_s,0.026653544994240788
rs,2,post_near.nonvol_cs_per_s,0.03331693124280098
rs,2,post_near.sched_wait_ms_per_min,0.2783322756399276
rs,2,post_near.pgfault_per_s,0.0016658465621400493
rs,2,post_near.pgmajfault,0.0
rs,2,post_near.net_rx_pkts_per_min,2.5987206369384768
rs,2,post_near.net_tx_pkts_per_min,2.7986222243952827
rs,2,post_near.net_rx_bytes_per_s,5.450649951322241
rs,2,post_near.net_tx_bytes_per_s,7.009882333485327
rs,2,post_near.net_rx_bytes,3272.0
rs,2,post_near.active_pct,0.24082993701370878
rs,2,post_near.bursts_per_min,1.2993603184692384
rs,2,post_near.mem_mean_mib,1.491706274314561
rs,2,post_near.mem_max_mib,1.7109375
rs,2,post_near.anon_mean_mib,1.1792207472675065
rs,2,post_near.anon_max_mib,1.1796875
rs,2,post_near.anon_slope_mib_per_h,0.01478426741172041
rs,2,post_near.rss_mean_mib,7.042504891858096
rs,2,post_near.threads_max,2.0
rs,2,post_near.load1_max,0.26
rs,2,post_mid.duration_s,1200.2851769924164
rs,2,post_mid.cpu_ms,14.598
rs,2,post_mid.millicores,0.012162109705110715
rs,2,post_mid.cpu_ms_per_min,0.729726582306643
rs,2,post_mid.user_pct,55.34319769831484
rs,2,post_mid.throttled_ms,0.0
rs,2,post_mid.wakeups_per_s,0.1216377597579233
rs,2,post_mid.vol_cs_per_s,0.028326601587461593
rs,2,post_mid.nonvol_cs_per_s,0.02582719556503851
rs,2,post_mid.sched_wait_ms_per_min,0.6319581667255669
rs,2,post_mid.pgfault_per_s,0.0008331353408076938
rs,2,post_mid.pgmajfault,0.0
rs,2,post_mid.net_rx_pkts_per_min,3.299215949598468
rs,2,post_mid.net_tx_pkts_per_min,3.3991921904953912
rs,2,post_mid.net_rx_bytes_per_s,6.5551088614749355
rs,2,post_mid.net_tx_bytes_per_s,7.5348760222647835
rs,2,post_mid.net_rx_bytes,7868.0
rs,2,post_mid.active_pct,0.26866777839540484
rs,2,post_mid.bursts_per_min,1.3996673725569257
rs,2,post_mid.mem_mean_mib,1.4912172705901428
rs,2,post_mid.mem_max_mib,1.71484375
rs,2,post_mid.anon_mean_mib,1.180202832592181
rs,2,post_mid.anon_max_mib,1.18359375
rs,2,post_mid.anon_slope_mib_per_h,0.008051472253901862
rs,2,post_mid.rss_mean_mib,7.043487339609968
rs,2,post_mid.threads_max,2.0
rs,2,post_mid.load1_max,0.74
rs,2,post_late.duration_s,1800.3489809036255
rs,2,post_late.cpu_ms,20.185
rs,2,post_late.millicores,0.01121171518083611
rs,2,post_late.cpu_ms_per_min,0.6727029108501666
rs,2,post_late.user_pct,74.45132524151597
rs,2,post_late.throttled_ms,0.0
rs,2,post_late.wakeups_per_s,0.10997867752318802
rs,2,post_late.vol_cs_per_s,0.03110508051160873
rs,2,post_late.nonvol_cs_per_s,0.011664405191853274
rs,2,post_late.sched_wait_ms_per_min,0.14928195747088155
rs,2,post_late.pgfault_per_s,0.0
rs,2,post_late.pgmajfault,0.0
rs,2,post_late.net_rx_pkts_per_min,3.266033453718917
rs,2,post_late.net_tx_pkts_per_min,3.4659946855792585
rs,2,post_late.net_rx_bytes_per_s,6.811457184176033
rs,2,post_late.net_tx_bytes_per_s,8.360601283227403
rs,2,post_late.net_rx_bytes,12263.0
rs,2,post_late.active_pct,0.26562886088460586
rs,2,post_late.bursts_per_min,1.4330554949991166
rs,2,post_late.mem_mean_mib,1.5088030582066962
rs,2,post_late.mem_max_mib,1.96484375
rs,2,post_late.anon_mean_mib,1.18359375
rs,2,post_late.anon_max_mib,1.18359375
rs,2,post_late.anon_slope_mib_per_h,0.0
rs,2,post_late.rss_mean_mib,7.046875
rs,2,post_late.threads_max,2.0
rs,2,post_late.load1_max,0.57
rs,2,create.cpu_us_per_event,293.98523951871493
rs,2,create.net_rx_bytes_per_event,1655.0
rs,2,delete.cpu_us_per_event,229.67943806318493
rs,2,delete.net_rx_bytes_per_event,1659.89
rs,2,churn.anon_growth_mib,0.6071885373243786
rs,2,startup.threads_waking,2
rs,2,startup.top_thread_share_pct,69.23076923076923
rs,2,warmup.threads_waking,2
rs,2,warmup.top_thread_share_pct,60.0
rs,2,idle_pre.threads_waking,2
rs,2,idle_pre.top_thread_share_pct,56.97115384615385
rs,2,create.threads_waking,2
rs,2,create.top_thread_share_pct,53.333333333333336
rs,2,delete.threads_waking,2
rs,2,delete.top_thread_share_pct,55.1307847082495
rs,2,post_near.threads_waking,2
rs,2,post_near.top_thread_share_pct,53.246753246753244
rs,2,post_mid.threads_waking,2
rs,2,post_mid.top_thread_share_pct,55.47945205479452
rs,2,post_late.threads_waking,2
rs,2,post_late.top_thread_share_pct,61.111111111111114
rs,2,done.threads_waking,2
rs,2,done.top_thread_share_pct,66.66666666666667
rs,2,delta_post_near.millicores,0.0035826920443847825
rs,2,delta_post_near.wakeups_per_s,0.012724158585813147
rs,2,delta_post_near.pgfault_per_s,-0.0008339472847126812
rs,2,delta_post_near.active_pct,-0.012373706648480504
rs,2,delta_post_near.anon_mean_mib,0.6106280345918851
rs,2,delta_post_near.rss_mean_mib,0.6106216415107131
rs,2,delta_post_near.mem_mean_mib,0.6088192317022405
rs,2,delta_post_near.net_rx_pkts_per_min,-0.7010072409071268
rs,2,delta_post_mid.millicores,0.0020232236171479137
rs,2,delta_post_mid.wakeups_per_s,0.006091733058952664
rs,2,delta_post_mid.pgfault_per_s,-0.0016666585060450367
rs,2,delta_post_mid.active_pct,0.015464134733215562
rs,2,delta_post_mid.anon_mean_mib,0.6116101199165596
rs,2,delta_post_mid.rss_mean_mib,0.6116040892625856
rs,2,delta_post_mid.mem_mean_mib,0.6083302279778222
rs,2,delta_post_mid.net_rx_pkts_per_min,-0.0005119282471355291
rs,2,delta_post_late.millicores,0.0010728290928733088
rs,2,delta_post_late.wakeups_per_s,-0.005567349175782624
rs,2,delta_post_late.pgfault_per_s,-0.0024997938468527305
rs,2,delta_post_late.active_pct,0.012425217222416574
rs,2,delta_post_late.anon_mean_mib,0.6150010373243786
rs,2,delta_post_late.rss_mean_mib,0.6149917496526172
rs,2,delta_post_late.mem_mean_mib,0.6259160155943757
rs,2,delta_post_late.net_rx_pkts_per_min,-0.03369442412668677
rs,2,run.hwm_mib,7.046875
rs,2,run.mem_peak_mib,4.359375
rs,2,sync_ms,39.0
rs,3,startup.cpu_ms,0.0
rs,3,startup.duration_s,1.6586971282958984
rs,3,startup.millicores,0.0
rs,3,startup.cpu_ms_per_min,0.0
rs,3,startup.user_pct,nan
rs,3,startup.throttled_ms,0.0
rs,3,startup.wakeups_per_s,0.0
rs,3,startup.vol_cs_per_s,0.0
rs,3,startup.nonvol_cs_per_s,0.0
rs,3,startup.sched_wait_ms_per_min,0.0
rs,3,startup.pgfault_per_s,0.0
rs,3,startup.pgmajfault,0.0
rs,3,startup.net_rx_pkts_per_min,361.72969119228185
rs,3,startup.net_tx_pkts_per_min,72.34593823845637
rs,3,startup.net_rx_bytes_per_s,694.5210070891811
rs,3,startup.net_tx_bytes_per_s,108.51890735768454
rs,3,startup.net_rx_bytes,1152.0
rs,3,startup.active_pct,0.0
rs,3,startup.bursts_per_min,0.0
rs,3,startup.mem_mean_mib,0.9130859375
rs,3,startup.mem_max_mib,1.140625
rs,3,startup.anon_mean_mib,0.55078125
rs,3,startup.anon_max_mib,0.55078125
rs,3,startup.anon_slope_mib_per_h,0.0
rs,3,startup.rss_mean_mib,6.49609375
rs,3,startup.threads_max,2.0
rs,3,startup.load1_max,0.08
rs,3,warmup.duration_s,300.30247688293457
rs,3,warmup.cpu_ms,4.538
rs,3,warmup.millicores,0.01511143047204711
rs,3,warmup.cpu_ms_per_min,0.9066858283228265
rs,3,warmup.user_pct,72.67518730718378
rs,3,warmup.throttled_ms,0.0
rs,3,warmup.wakeups_per_s,0.17648872080619143
rs,3,warmup.vol_cs_per_s,0.03662973450694539
rs,3,warmup.nonvol_cs_per_s,0.056609589692551976
rs,3,warmup.sched_wait_ms_per_min,0.4200303018118996
rs,3,warmup.pgfault_per_s,0.006659951728535526
rs,3,warmup.pgmajfault,0.0
rs,3,warmup.net_rx_pkts_per_min,6.793150763106237
rs,3,warmup.net_tx_pkts_per_min,4.9949637964016445
rs,3,warmup.net_rx_bytes_per_s,12.047852676920767
rs,3,warmup.net_tx_bytes_per_s,9.263992854392917
rs,3,warmup.net_rx_bytes,3618.0
rs,3,warmup.active_pct,0.37091988130563797
rs,3,warmup.bursts_per_min,1.798186966704592
rs,3,warmup.mem_mean_mib,0.8789265346810089
rs,3,warmup.mem_max_mib,1.08203125
rs,3,warmup.anon_mean_mib,0.5517186920437686
rs,3,warmup.anon_max_mib,0.55859375
rs,3,warmup.anon_slope_mib_per_h,0.05559065538709033
rs,3,warmup.rss_mean_mib,6.49705437453635
rs,3,warmup.threads_max,2.0
rs,3,warmup.load1_max,0.59
rs,3,idle_pre.duration_s,3600.3243341445923
rs,3,idle_pre.cpu_ms,36.329
rs,3,idle_pre.millicores,0.010090479809128495
rs,3,idle_pre.cpu_ms_per_min,0.6054287885477097
rs,3,idle_pre.user_pct,73.03531613862204
rs,3,idle_pre.throttled_ms,0.0
rs,3,idle_pre.wakeups_per_s,0.12110020085276291
rs,3,idle_pre.vol_cs_per_s,0.027497522670696165
rs,3,idle_pre.nonvol_cs_per_s,0.02583100614519943
rs,3,idle_pre.sched_wait_ms_per_min,0.3091632299467433
rs,3,idle_pre.pgfault_per_s,0.002499774788245106
rs,3,idle_pre.pgmajfault,0.0
rs,3,idle_pre.net_rx_pkts_per_min,3.3330330509934747
rs,3,idle_pre.net_tx_pkts_per_min,3.4496892077782464
rs,3,idle_pre.net_rx_bytes_per_s,6.715228339489102
rs,3,idle_pre.net_tx_bytes_per_s,7.598759850756623
rs,3,idle_pre.net_rx_bytes,24177.0
rs,3,idle_pre.active_pct,0.25995729273048
rs,3,idle_pre.bursts_per_min,1.3998738814172593
rs,3,idle_pre.mem_mean_mib,0.8934001021260792
rs,3,idle_pre.mem_max_mib,1.3671875
rs,3,idle_pre.anon_mean_mib,0.5808036335994801
rs,3,idle_pre.anon_max_mib,0.59375
rs,3,idle_pre.anon_slope_mib_per_h,0.03883161136010085
rs,3,idle_pre.rss_mean_mib,6.526125562853959
rs,3,idle_pre.threads_max,2.0
rs,3,idle_pre.load1_max,0.91
rs,3,create.duration_s,33.95759582519531
rs,3,create.cpu_ms,26.709
rs,3,create.millicores,0.7865397814819058
rs,3,create.cpu_ms_per_min,47.19238688891435
rs,3,create.user_pct,28.821745479052005
rs,3,create.throttled_ms,0.0
rs,3,create.wakeups_per_s,14.87148862362359
rs,3,create.vol_cs_per_s,3.0037462170487252
rs,3,create.nonvol_cs_per_s,3.6221645558528746
rs,3,create.sched_wait_ms_per_min,23.46081283554525
rs,3,create.pgfault_per_s,4.446722340925073
rs,3,create.pgmajfault,0.0
rs,3,create.net_rx_pkts_per_min,176.69095394404266
rs,3,create.net_tx_pkts_per_min,176.69095394404266
rs,3,create.net_rx_bytes_per_s,4873.725479623176
rs,3,create.net_tx_bytes_per_s,194.3600493384469
rs,3,create.net_rx_bytes,165500.0
rs,3,create.active_pct,10.163934426229508
rs,3,create.bursts_per_min,3.5338190788808532
rs,3,create.mem_mean_mib,1.482876536885246
rs,3,create.mem_max_mib,1.6171875
rs,3,create.anon_mean_mib,1.1413934426229508
rs,3,create.anon_max_mib,1.18359375
rs,3,create.anon_slope_mib_per_h,24.36416469722495
rs,3,create.rss_mean_mib,7.095402151639345
rs,3,create.threads_max,2.0
rs,3,create.load1_max,0.33
rs,3,delete.duration_s,53.2078070640564
rs,3,delete.cpu_ms,26.652
rs,3,delete.millicores,0.5009039362947979
rs,3,delete.cpu_ms_per_min,30.054236177687873
rs,3,delete.user_pct,61.92405823202761
rs,3,delete.throttled_ms,0.0
rs,3,delete.wakeups_per_s,9.810590377678391
rs,3,delete.vol_cs_per_s,1.9170119128796856
rs,3,delete.nonvol_cs_per_s,2.5936043527195745
rs,3,delete.sched_wait_ms_per_min,16.714442655554908
rs,3,delete.pgfault_per_s,0.018794234439996917
rs,3,delete.pgmajfault,0.0
rs,3,delete.net_rx_pkts_per_min,116.14836883918096
rs,3,delete.net_tx_pkts_per_min,116.14836883918096
rs,3,delete.net_rx_bytes_per_s,3119.636180460648
rs,3,delete.net_tx_bytes_per_s,126.8610824699792
rs,3,delete.net_rx_bytes,165989.0
rs,3,delete.active_pct,8.577405857740585
rs,3,delete.bursts_per_min,5.638270331999076
rs,3,delete.mem_mean_mib,1.5454448875523012
rs,3,delete.mem_max_mib,1.71484375
rs,3,delete.anon_mean_mib,1.1873937630753137
rs,3,delete.anon_max_mib,1.1875
rs,3,delete.anon_slope_mib_per_h,0.042029797399300836
rs,3,delete.rss_mean_mib,7.132796155857741
rs,3,delete.threads_max,2.0
rs,3,delete.load1_max,0.18
rs,3,post_near.duration_s,600.2601161003113
rs,3,post_near.cpu_ms,8.21
rs,3,post_near.millicores,0.013677403811763503
rs,3,post_near.cpu_ms_per_min,0.8206442287058103
rs,3,post_near.user_pct,72.24116930572472
rs,3,post_near.throttled_ms,0.0
rs,3,post_near.wakeups_per_s,0.12494583262877743
rs,3,post_near.vol_cs_per_s,0.029986999830906583
rs,3,post_near.nonvol_cs_per_s,0.024989166525755484
rs,3,post_near.sched_wait_ms_per_min,0.18415706297155843
rs,3,post_near.pgfault_per_s,0.0016659444350503657
rs,3,post_near.pgmajfault,0.0
rs,3,post_near.net_rx_pkts_per_min,2.9986999830906584
rs,3,post_near.net_tx_pkts_per_min,3.1986133152967025
rs,3,post_near.net_rx_bytes_per_s,6.273946742399677
rs,3,post_near.net_tx_bytes_per_s,7.370138180662818
rs,3,post_near.net_rx_bytes,3766.0
rs,3,post_near.active_pct,0.2970113235567106
rs,3,post_near.bursts_per_min,1.4993499915453292
rs,3,post_near.mem_mean_mib,1.5171789435214404
rs,3,post_near.mem_max_mib,1.96875
rs,3,post_near.anon_mean_mib,1.1909385441804343
rs,3,post_near.anon_max_mib,1.19140625
rs,3,post_near.anon_slope_mib_per_h,0.01481545618805259
rs,3,post_near.rss_mean_mib,7.136260470809356
rs,3,post_near.threads_max,2.0
rs,3,post_near.load1_max,0.72
rs,3,post_mid.duration_s,1200.2893857955933
rs,3,post_mid.cpu_ms,9.861
rs,3,post_mid.millicores,0.00821551878796611
rs,3,post_mid.cpu_ms_per_min,0.4929311272779667
rs,3,post_mid.user_pct,71.28080316397931
rs,3,post_mid.throttled_ms,0.0
rs,3,post_mid.wakeups_per_s,0.13829998162482246
rs,3,post_mid.vol_cs_per_s,0.02999276709935909
rs,3,post_mid.nonvol_cs_per_s,0.030825899518785733
rs,3,post_mid.sched_wait_ms_per_min,0.24388828516213543
rs,3,post_mid.pgfault_per_s,0.0
rs,3,post_mid.pgmajfault,0.0
rs,3,post_mid.net_rx_pkts_per_min,3.4491682164262953
rs,3,post_mid.net_tx_pkts_per_min,3.5491441067574923
rs,3,post_mid.net_rx_bytes_per_s,6.772533437519168
rs,3,post_mid.net_tx_bytes_per_s,7.636491756464595
rs,3,post_mid.net_rx_bytes,8129.0
rs,3,post_mid.active_pct,0.2691415313225058
rs,3,post_mid.bursts_per_min,1.3996624646367577
rs,3,post_mid.mem_mean_mib,1.5096294953596288
rs,3,post_mid.mem_max_mib,1.71875
rs,3,post_mid.anon_mean_mib,1.19140625
rs,3,post_mid.anon_max_mib,1.19140625
rs,3,post_mid.anon_slope_mib_per_h,0.0
rs,3,post_mid.rss_mean_mib,7.13671875
rs,3,post_mid.threads_max,2.0
rs,3,post_mid.load1_max,1.16
rs,3,post_late.duration_s,1800.2353270053864
rs,3,post_late.cpu_ms,21.7
rs,3,post_late.millicores,0.012053979651703099
rs,3,post_late.cpu_ms_per_min,0.7232387791021859
rs,3,post_late.user_pct,85.28571428571429
rs,3,post_late.throttled_ms,0.0
rs,3,post_late.wakeups_per_s,0.14442556264713388
rs,3,post_late.vol_cs_per_s,0.031107044262459606
rs,3,post_late.nonvol_cs_per_s,0.03277349306223423
rs,3,post_late.sched_wait_ms_per_min,0.42380006022274735
rs,3,post_late.pgfault_per_s,0.0
rs,3,post_late.pgmajfault,0.0
rs,3,post_late.net_rx_pkts_per_min,3.432884527535721
rs,3,post_late.net_tx_pkts_per_min,3.6328583835086756
rs,3,post_late.net_rx_bytes_per_s,7.125179584903025
rs,3,post_late.net_tx_bytes_per_s,8.519997230314383
rs,3,post_late.net_rx_bytes,12827.0
rs,3,post_late.active_pct,0.29058983553851864
rs,3,post_late.bursts_per_min,1.5664618717881447
rs,3,post_late.mem_mean_mib,1.5066066198064796
rs,3,post_late.mem_max_mib,1.71875
rs,3,post_late.anon_mean_mib,1.19140625
rs,3,post_late.anon_max_mib,1.19140625
rs,3,post_late.anon_slope_mib_per_h,0.0
rs,3,post_late.rss_mean_mib,7.13671875
rs,3,post_late.threads_max,2.0
rs,3,post_late.load1_max,0.5
rs,3,create.cpu_us_per_event,263.6635156495932
rs,3,create.net_rx_bytes_per_event,1655.0
rs,3,delete.cpu_us_per_event,261.15107697132134
rs,3,delete.net_rx_bytes_per_event,1659.89
rs,3,churn.anon_growth_mib,0.6027901164005199
rs,3,startup.threads_waking,0
rs,3,startup.top_thread_share_pct,0.0
rs,3,warmup.threads_waking,2
rs,3,warmup.top_thread_share_pct,52.83018867924528
rs,3,idle_pre.threads_waking,2
rs,3,idle_pre.top_thread_share_pct,55.96330275229358
rs,3,create.threads_waking,2
rs,3,create.top_thread_share_pct,55.445544554455445
rs,3,delete.threads_waking,2
rs,3,delete.top_thread_share_pct,54.02298850574713
rs,3,post_near.threads_waking,2
rs,3,post_near.top_thread_share_pct,56.0
rs,3,post_mid.threads_waking,2
rs,3,post_mid.top_thread_share_pct,56.024096385542165
rs,3,post_late.threads_waking,2
rs,3,post_late.top_thread_share_pct,55.76923076923077
rs,3,done.threads_waking,2
rs,3,done.top_thread_share_pct,60.0
rs,3,delta_post_near.millicores,0.0035869240026350085
rs,3,delta_post_near.wakeups_per_s,0.0038456317760145187
rs,3,delta_post_near.pgfault_per_s,-0.0008338303531947404
rs,3,delta_post_near.active_pct,0.0370540308262306
rs,3,delta_post_near.anon_mean_mib,0.6101349105809543
rs,3,delta_post_near.rss_mean_mib,0.6101349079553966
rs,3,delta_post_near.mem_mean_mib,0.6237788413953612
rs,3,delta_post_near.net_rx_pkts_per_min,-0.33433306790281625
rs,3,delta_post_mid.millicores,-0.001874961021162384
rs,3,delta_post_mid.wakeups_per_s,0.017199780772059553
rs,3,delta_post_mid.pgfault_per_s,-0.002499774788245106
rs,3,delta_post_mid.active_pct,0.009184238592025773
rs,3,delta_post_mid.anon_mean_mib,0.6106026164005199
rs,3,delta_post_mid.rss_mean_mib,0.6105931871460406
rs,3,delta_post_mid.mem_mean_mib,0.6162293932335495
rs,3,delta_post_mid.net_rx_pkts_per_min,0.11613516543282065
rs,3,delta_post_late.millicores,0.0019634998425746043
rs,3,delta_post_late.wakeups_per_s,0.023325361794370975
rs,3,delta_post_late.pgfault_per_s,-0.002499774788245106
rs,3,delta_post_late.active_pct,0.03063254280803862
rs,3,delta_post_late.anon_mean_mib,0.6106026164005199
rs,3,delta_post_late.rss_mean_mib,0.6105931871460406
rs,3,delta_post_late.mem_mean_mib,0.6132065176804004
rs,3,delta_post_late.net_rx_pkts_per_min,0.09985147654224624
rs,3,run.hwm_mib,7.13671875
rs,3,run.mem_peak_mib,4.4609375
rs,3,sync_ms,32.0
